rsid	pval
rs6933892	0.243779
rs6934084	0.239798
rs210910	0.193318
rs2235427	0.578994
rs9394268	0.290083
rs115504329	0.864185
rs932344	0.259354
rs932343	0.373717
rs34085304	0.615248
rs13193682	0.781775
rs55911324	0.382006
rs210908	0.523385
rs9357192	0.764203
rs2235423	0.561588
rs2235422	0.359065
rs9469930	0.353287
rs9469931	0.349523
rs9469932	0.348864
rs9394270	0.744116
rs9348959	0.744866
rs17401908	0.519487
rs35340830	0.666432
rs62395242	0.534692
rs2076187	0.0352302
rs210906	0.0482645
rs926364	0.165247
rs210905	0.126348
rs77836444	0.362836
rs2076184	0.353009
rs210904	0.253495
rs4711401	0.556624
rs34615297	0.898758
rs210903	0.376957
rs2235421	0.556364
rs2235420	0.253398
rs210902	0.04236
rs210901	0.135747
rs149423183	0.625306
rs62395243	0.625306
rs4713831	0.042365
rs67783297	0.749836
rs2013368	0.252023
rs75438073	0.50695
rs210899	0.263636
rs72405499	0.29482
rs210898	0.47231
rs72819641	0.272011
rs2235419	0.267177
rs210897	0.228929
rs210896	0.470233
rs4713834	0.708912
rs12198491	0.0392035
rs2294429	0.543579
rs2294428	0.764507
rs2294427	0.764507
rs105924	0.469506
rs2294426	0.160796
rs9348963	0.143963
rs9469947	0.0221888
rs9366877	0.639633
rs72819649	0.396867
rs62395244	0.625306
rs210895	0.0489869
rs61243775	0.047292
rs13215825	0.73426
rs9296142	0.759508
rs849013	0.0337148
rs2235418	0.783068
rs112136397	0.976902
rs6908760	0.0585912
rs2281128	0.611184
rs172404	0.887351
rs932345	0.884531
rs67133409	0.0253153
rs191921	0.194494
rs3215483	0.775593
rs12665068	0.689576
rs9462058	0.0205639
rs62395245	0.613212
rs78435467	0.11323
rs114722067	0.793352
rs2235417	0.923138
rs12189748	0.0199529
rs760790	0.735015
rs210892	0.466857
rs2235414	0.959032
rs6911562	0.0252749
rs34106080	0.906601
rs210890	0.217171
rs6457810	0.217416
rs17480980	0.886612
rs35904404	0.961312
rs2781127	0.231076
rs12529085	0.681638
rs9394285	0.776995
rs2254655	0.906826
rs2743953	0.251882
rs9368855	0.774194
rs2254668	0.908354
rs114151967	0.503431
rs2281126	0.685311
rs17402850	0.969619
rs2235413	0.334868
rs210933	0.187785
rs2235412	0.600165
rs2235411	0.0982904
rs210931	0.161736
rs760789	0.787706
rs210930	0.856021
rs210926	0.386474
rs2294425	0.794249
rs112242580	0.696459
rs210925	0.784414
rs172405	0.533635
rs210924	0.535086
rs169791	0.535086
rs4713849	0.834967
rs9469986	0.847815
rs72819662	0.713393
rs2235410	0.21062
rs10947543	0.645234
rs9380503	0.972007
rs2294424	0.621951
rs2294423	0.624243
rs2294421	0.979697
rs2294420	0.708596
rs2294419	0.980714
rs4713852	0.565764
rs2235409	0.584839
rs2235407	0.584465
rs2235406	0.708596
rs2235405	0.584341
rs2235404	0.978834
rs116168042	0.999913
rs9380504	0.6532
rs2235403	0.646688
rs2235402	0.646561
rs62395246	0.656935
rs2235401	0.646054
rs2235400	0.645927
rs2235399	0.6458
rs2235398	0.64466
rs9368864	0.46069
rs62395247	0.819724
rs6927223	0.342961
rs9348975	0.515688
rs6938865	0.594751
rs2294418	0.708571
rs2294417	0.248244
rs9368866	0.365247
rs2294416	0.734471
rs9394295	0.448316
rs9368867	0.555201
rs9348976	0.915906
rs4713856	0.635128
rs4713857	0.634344
rs4140558	0.480555
rs12211506	0.653461
rs115437567	0.353992
rs2235397	0.386101
rs72819669	0.606054
rs2235396	0.578535
rs10456430	0.954855
rs2235395	0.663611
rs2235394	0.54583
rs2235393	0.780857
rs2235392	0.863562
rs2235391	0.660486
rs113098857	0.948433
rs62397264	0.821828
rs34958083	0.372642
rs9380512	0.659939
rs9368869	0.659737
rs4713873	0.653839
rs6457825	0.920872
rs9470042	0.506692
rs16871788	0.416589
rs9394301	0.647214
rs9380513	0.631048
rs9394302	0.646882
rs45538938	0.954052
rs2235390	0.860434
rs760788	0.666368
rs73721808	0.699268
rs760787	0.829123
rs742225	0.68858
rs742224	0.688396
rs9470047	0.518293
rs2235389	0.355146
rs2235388	0.712651
rs4713894	0.779516
rs4713896	0.305652
rs35064760	0.849034
rs4713898	0.722343
rs6903956	0.804058
rs12204492	0.490393
rs6929400	0.663468
rs9380521	0.305367
rs2235387	0.92905
rs2235386	0.989533
rs73721811	0.630454
rs2235385	0.425604
rs2235384	0.944665
rs9470066	0.405682
rs10947559	0.417253
rs34817687	0.168309
rs2076189	0.745166
rs2076188	0.565105
rs9470068	0.417253
rs7753407	0.417253
rs2056952	0.93211
rs72821839	0.130199
rs6940263	0.53553
rs58899650	0.0295139
rs11969391	0.401385
rs11966356	0.432555
rs1018383	0.922958
rs6457838	0.922958
rs6913633	0.923267
rs35451371	0.106999
rs9368883	0.382173
rs6457840	0.923886
rs6457841	0.923886
rs7749712	0.95331
rs7763031	0.908044
rs60675252	0.935087
rs11753177	0.220128
rs11753689	0.133196
rs56204575	0.394147
rs11966074	0.649702
rs59642026	0.149591
rs62397270	0.269119
rs12199311	0.189814
rs12199398	0.52855
rs11752110	0.845329
rs10947567	0.418908
rs9296163	0.706807
rs4713922	0.295617
rs4711430	0.706807
rs149042185	0.453118
rs9296165	0.0767003
rs2142896	0.707882
rs4711431	0.983713
rs4713925	0.846139
rs4713926	0.95668
rs4711432	0.764224
rs4713927	0.413857
rs7762390	0.373947
rs9470112	0.61764
rs113217809	0.0540689
rs11754656	0.374139
rs4713928	0.356785
rs9462130	0.953519
rs9470132	0.61764
rs9368892	0.347981
rs16871833	0.638057
rs6914007	0.91332
rs73364036	0.887585
rs1883325	0.867134
rs1883324	0.806949
rs6941812	0.817671
rs6942235	0.817671
rs7775964	0.786844
rs7743245	0.817671
rs9470168	0.786844
rs6910363	0.981515
rs6915289	0.789042
rs978565	0.878065
rs34927257	0.420411
rs9470174	0.786844
rs3950186	0.899892
rs9470176	0.501592
rs10947579	0.498185
rs7746016	0.491014
rs724821	0.501565
rs28360633	0.501565
rs997137	0.786999
rs74934721	0.977556
rs9470184	0.602478
rs6457867	0.501565
rs1014972	0.738903
rs6457868	0.501565
rs7743280	0.501565
rs7739256	0.634909
rs7739436	0.501565
rs7757263	0.501565
rs7744077	0.501565
rs7758760	0.501565
rs7744396	0.65376
rs6457869	0.501565
rs7763212	0.78957
rs58672943	0.267372
rs35325311	0.756484
rs9296170	0.910799
rs57228594	0.504031
rs6912358	0.501565
rs9296171	0.501565
rs9296172	0.501565
rs1883326	0.756787
rs34160063	0.754431
rs9470198	0.501565
rs7760480	0.50122
rs7740866	0.561379
rs9470201	0.501565
rs9470202	0.760435
rs9470203	0.501565
rs7766152	0.613451
rs7747022	0.501565
rs33943290	0.765434
rs9296173	0.65376
rs1033424	0.760051
rs1033423	0.760435
rs9470209	0.515319
rs9470211	0.811608
rs147066202	0.442046
rs6899747	0.920723
rs36071760	0.794615
rs9470212	0.391307
rs9470213	0.391307
rs1569731	0.957028
rs1569732	0.948715
rs1569733	0.368744
rs1569734	0.551133
rs9470214	0.564189
rs1569735	0.767467
rs2143715	0.765423
rs2179742	0.798312
rs4308554	0.556455
rs4634440	0.573468
rs4310046	0.550687
rs4557506	0.804455
rs4404760	0.817863
rs66805427	0.715687
rs9470216	0.637716
rs6936286	0.975795
rs13194405	0.188465
rs35039253	0.647981
rs10223542	0.730088
rs6902916	0.367266
rs10223767	0.716169
rs13208185	0.736134
rs10485419	0.50322
rs9296175	0.0411163
rs9462160	0.217816
rs2327487	0.88196
rs9394332	0.406087
rs61127331	0.574248
rs10485420	0.572287
rs9368906	0.558463
rs9380549	0.556278
rs10947590	0.68224
rs9348988	0.934612
rs10807158	0.974563
rs9348989	0.929735
rs9348990	0.871439
rs9348991	0.899516
rs4499926	0.934806
rs4412196	0.923278
rs4499927	0.934983
rs113371168	0.512733
rs4569952	0.93275
rs4711435	0.934556
rs4713934	0.935414
rs13190940	0.935207
rs4713935	0.976721
rs60411394	0.695097
rs4711436	0.935481
rs4711437	0.644708
rs4711438	0.990838
rs6905247	0.936705
rs6927368	0.742497
rs10947592	0.937122
rs7767699	0.889968
rs7744068	0.937436
rs7771992	0.909229
rs7772019	0.93795
rs7748378	0.937774
rs147539187	0.292516
rs9368910	0.750303
rs4711439	0.966989
rs4711440	0.93958
rs4711441	0.863131
rs4711442	0.85939
rs4711443	0.93996
rs9380555	0.455884
rs146517756	0.381783
rs4711444	0.940566
rs33999529	0.881698
rs6916995	0.970266
rs9357209	0.726411
rs111608074	0.953199
rs113799382	0.937651
rs149632271	0.8963
rs111967773	0.945108
rs112204644	0.923997
rs9368916	0.927518
rs142479003	0.706886
rs9462163	0.791636
rs9688945	0.944681
rs9689311	0.945288
rs9689029	0.978643
rs10807163	0.966263
rs9689319	0.896482
rs10807165	0.946832
rs113251986	0.472719
rs7738172	0.95588
rs9368917	0.904192
rs55805351	0.885161
rs55696018	0.49671
rs13191434	0.949259
rs9394337	0.348317
rs9380561	0.949396
rs9380562	0.416329
rs7758167	0.41683
rs9368918	0.323306
rs7745004	0.735869
rs9394338	0.41681
rs4711449	0.41681
rs2327488	0.474616
rs6930934	0.873749
rs6931106	0.322828
rs6919715	0.322935
rs59408219	0.67271
rs6921169	0.888232
rs6918179	0.322985
rs761372	0.0868908
rs6457899	0.41681
rs761373	0.41681
rs7739740	0.41681
rs910153	0.41681
rs10947602	0.73866
rs9394343	0.841021
rs4713965	0.417593
rs4713966	0.867758
rs6457906	0.087518
rs6457908	0.087518
rs149806816	0.212712
rs6920198	0.418527
rs6920689	0.277903
rs7767287	0.509181
rs9366903	0.876733
rs9357210	0.509324
rs9357211	0.318692
rs1883854	0.509038
rs932441	0.509038
rs9470271	0.898409
rs7769049	0.544385
rs7765341	0.513892
rs7450581	0.511061
rs4520010	0.509896
rs7746013	0.0953578
rs4521583	0.514466
rs1883855	0.50109
rs1883856	0.846259
rs1883857	0.514466
rs6457919	0.507574
rs2002736	0.720108
rs2015055	0.70908
rs2092569	0.613432
rs2002735	0.423646
rs62395362	0.664325
rs2103738	0.131264
rs34451811	0.497662
rs9394354	0.0502815
rs11755122	0.796925
rs9394355	0.081624
rs9380574	0.862881
rs9368935	0.0797035
rs9470298	0.21185
rs6918454	0.848276
rs4713979	0.457202
rs4713980	0.0501062
rs9366905	0.0482913
rs10947610	0.760125
rs4526189	0.573939
rs4713981	0.270989
rs6457925	0.252359
rs6457926	0.978317
rs6457927	0.382206
rs111652450	0.831325
rs35666492	0.88283
rs7757312	0.988876
rs7771753	0.9572
rs9366906	0.755831
rs976931	0.84859
rs35369973	0.115079
rs62395364	0.115391
rs7740058	0.99286
rs7744529	0.99783
rs4713986	0.99679
rs7745203	0.104268
rs9357216	0.122961
rs7768612	0.979921
rs146624148	0.170618
rs2206928	0.957146
rs9462203	0.671296
rs7741952	0.101045
rs7741970	0.301406
rs112519993	0.216877
rs536258212	0.216877
rs1985982	0.249208
rs13192449	0.0318771
rs4713990	0.205756
rs9368945	0.264707
rs9368946	0.747558
rs9368947	0.341287
rs9368948	0.578508
rs9357221	0.20501
rs12211229	0.0521977
rs9470372	0.36195
rs9394377	0.352318
rs67825476	0.57421
rs7341366	0.273287
rs7341366	0.515394
rs9296195	0.28647
rs12525964	0.138835
rs12524387	0.141506
rs142212849	0.94545
rs1830985	0.944361
rs1830984	0.927075
rs12332872	0.768687
rs12333294	0.79205
rs2103739	0.944756
rs2092570	0.938349
rs2092571	0.938349
rs6457947	0.938455
rs6899485	0.938511
rs6926450	0.938511
rs7738835	0.938558
rs7776229	0.434516
rs2746266	0.878419
rs7743217	0.864592
rs7762845	0.795229
rs2746267	0.938639
rs7762981	0.938639
rs7767282	0.938672
rs6457948	0.938719
rs6457949	0.934641
rs6932981	0.938789
rs6932972	0.93887
rs6911172	0.938881
rs28768426	0.910493
rs28885688	0.938917
rs2765781	0.947407
rs4711466	0.938953
rs56734871	0.778779
rs4714012	0.929608
rs4711467	0.938953
rs4711468	0.938953
rs4711469	0.938953
rs6916469	0.970153
rs6940133	0.938953
rs6901960	0.938953
rs6457950	0.940639
rs6457951	0.933296
rs6457952	0.938953
rs6457953	0.938953
rs141647503	0.510062
rs57515286	0.827315
rs13193571	0.470216
rs12205854	0.860016
rs7452547	0.945225
rs9470408	0.75143
rs2876245	0.945225
rs7746759	0.945225
rs6909693	0.945225
rs6929425	0.945225
rs6934027	0.945225
rs6919781	0.945225
rs6457954	0.945225
rs6457955	0.945225
rs2765780	0.945225
rs2765779	0.945225
rs58089845	0.932669
rs6457958	0.945225
rs6457959	0.945225
rs6457960	0.945225
rs4714017	0.945225
rs6910008	0.945225
rs6937349	0.945225
rs6909423	0.945225
rs6937513	0.945225
rs6910727	0.945225
rs6915058	0.945225
rs6941984	0.945225
rs2248243	0.945225
rs2327460	0.945225
rs150379303	0.0663413
rs209798	0.996665
rs74915700	0.969423
rs209794	0.710149
rs209793	0.936975
rs209792	0.661276
rs34218714	0.651256
rs209791	0.53248
rs209790	0.529114
rs209789	0.936962
rs209788	0.622424
rs13215238	0.0331395
rs12209563	0.439998
rs17406952	0.0754618
rs70981643	0.0172052
rs2746268	0.0547144
rs11965341	0.564897
rs9366921	0.655442
rs9394391	0.654308
rs6927887	0.702799
rs209773	0.752859
rs209774	0.78573
rs10644509	0.936142
rs56764416	0.809511
rs10947653	0.585285
rs9380630	0.538998
rs61128649	0.538998
rs209776	0.828736
rs209777	0.622663
rs876828	0.803182
rs876829	0.586196
rs6938400	0.570956
rs85219	0.733543
rs169713	0.823814
rs714493	0.756216
rs17533974	0.791451
rs23805	0.915388
rs999823	0.756216
rs209778	0.612263
rs999824	0.756216
rs209779	0.675571
rs209780	0.873041
rs16872077	0.792343
rs62395404	0.756216
rs79777433	0.792641
rs169714	0.821478
rs149499249	0.713124
rs209782	0.915333
rs11964096	0.609922
rs2327461	0.755337
rs209783	0.969028
rs209784	0.932246
rs9380639	0.945156
rs199886765	0.628695
rs201260419	0.543798
rs145737666	0.568634
rs1210621	0.955114
rs55968946	0.611963
rs6901986	0.726557
rs62395407	0.762602
rs11966682	0.765495
rs1205844	0.9014
rs62395408	0.209614
rs1205845	0.926149
rs864244	0.987911
rs9470484	0.901289
rs1205846	0.543401
rs80293633	0.595573
rs848901	0.952842
rs111851932	0.596151
rs112373899	0.954549
rs9380643	0.898965
rs6919025	0.596523
rs78855883	0.45115
rs9394412	0.876797
rs6909793	0.840559
rs115930205	0.603719
rs1205848	0.947309
rs848902	0.809214
rs116327972	0.228074
rs115416278	0.944677
rs9394416	0.921628
rs6457983	0.807152
rs60703538	0.701281
rs6905403	0.717419
rs138130322	0.598362
rs12196741	0.777349
rs7740251	0.776499
rs9349028	0.961032
rs10947661	0.945064
rs80217111	0.661273
rs59552060	0.701324
rs78218438	0.660475
rs2327462	0.942811
rs80118269	0.66051
rs58522477	0.704222
rs6904014	0.913689
rs169715	0.81238
rs11756601	0.612238
rs209786	0.858231
rs112469668	0.871062
rs58311216	0.621439
rs1205849	0.834978
rs1205850	0.835456
rs113103441	0.799155
rs200788538	0.243308
rs62395428	0.598977
rs70981647	0.909752
rs1205851	0.77386
rs149653638	0.794037
rs78942226	0.821937
rs1205852	0.668242
rs76156742	0.821699
rs1205853	0.668242
rs1205854	0.668242
rs1205855	0.668242
rs1205856	0.668242
rs1205857	0.668242
rs10610402	0.668242
rs1205859	0.692925
rs1205860	0.691484
rs1205861	0.66815
rs864245	0.668242
rs79260350	0.59476
rs1205863	0.668242
rs1205864	0.668242
rs1205865	0.668242
rs1205866	0.668242
rs1205867	0.668242
rs1205868	0.835183
rs1205869	0.864382
rs1205871	0.668242
rs1205872	0.668242
rs1205873	0.667967
rs1205874	0.668242
rs4714052	0.963954
rs1205875	0.668242
rs1205876	0.66815
rs16872095	0.59476
rs1205877	0.668242
rs1205878	0.913689
rs16872098	0.821818
rs77908939	0.421473
rs960414	0.668242
rs1205879	0.668242
rs1205880	0.668242
rs1205881	0.668242
rs1205882	0.668242
rs1205883	0.668242
rs1205884	0.668242
rs1205885	0.893062
rs34660730	0.668242
rs1205886	0.93773
rs1205887	0.668242
rs1205888	0.668242
rs1205889	0.668242
rs1205890	0.668242
rs1205891	0.657696
rs209819	0.899786
rs209816	0.668242
rs209815	0.668242
rs11968174	0.72843
rs209814	0.669304
rs16872104	0.619084
rs10947670	0.843968
rs11968421	0.619092
rs209813	0.993854
rs209812	0.994548
rs28511	0.649742
rs139854926	0.412255
rs2876246	0.381205
rs11962157	0.656244
rs765392	0.727584
rs73724310	0.786063
rs16872108	0.702363
rs9470570	0.706411
rs13208015	0.3786
rs1117047	0.725293
rs182357	0.786386
rs926666	0.725286
rs1988815	0.786386
rs172353	0.616008
rs926667	0.718077
rs9368995	0.718063
rs209804	0.694049
rs2308115	0.609126
rs7765463	0.718078
rs4357131	0.718078
rs1326144	0.718002
rs1326143	0.715925
rs78161753	0.83754
rs1359618	0.56477
rs4714062	0.699436
rs4714063	0.569219
rs6920727	0.71802
rs10456089	0.907943
rs6941983	0.71802
rs148347721	0.785682
rs209803	0.786386
rs209802	0.786386
rs209801	0.859382
rs6927024	0.71802
rs209800	0.609172
rs9369003	0.727924
rs209799	0.382751
rs169716	0.284669
rs6921943	0.727924
rs140733741	0.161673
rs12193434	0.284669
rs4714067	0.727924
rs186017	0.609172
rs74992557	0.0970573
rs209811	0.284669
rs150591425	0.34742
rs209809	0.59785
rs209808	0.284669
rs11373557	0.578385
rs209807	0.588732
rs7775818	0.933836
rs209806	0.606383
rs209805	0.607664
rs9462314	0.711427
rs9462315	0.720208
rs6457989	0.693387
rs71551281	0.386841
rs6457990	0.615709
rs11963539	0.946203
rs6922048	0.484578
rs1543574	0.505624
rs1543573	0.504767
rs150929950	0.298742
rs6928723	0.188555
rs11967367	0.980292
rs7751442	0.472256
rs9470617	0.793293
rs9470618	0.97872
rs9349041	0.175699
rs78917141	0.97872
rs62395444	0.97872
rs147079176	0.97872
rs62395445	0.97872
rs6907381	0.818668
rs913022	0.451986
rs9296224	0.291117
rs913021	0.602472
rs9462320	0.982998
rs913020	0.472224
rs6457997	0.499532
rs6919575	0.291117
rs2327463	0.49789
rs1409288	0.49789
rs7762263	0.977119
rs72824063	0.983784
rs72824066	0.983784
rs9470623	0.983784
rs9462323	0.983819
rs9470625	0.823464
rs9470627	0.869307
rs9462325	0.869307
rs9470628	0.865729
rs9470629	0.869307
rs145940692	0.869307
rs9462326	0.869307
rs13213371	0.572898
rs9462327	0.857058
rs9462328	0.869307
rs9462329	0.869307
rs9470631	0.869307
rs12530006	0.664657
rs62395447	0.869307
rs62395448	0.869307
rs9470634	0.869307
rs9380689	0.882678
rs4714081	0.804133
rs9470638	0.869307
rs138744506	0.874652
rs9470641	0.869307
rs9470643	0.867471
rs62395449	0.869307
rs62395450	0.869307
rs62395451	0.869307
rs9470644	0.869307
rs9394442	0.291117
rs7749672	0.572898
rs9366941	0.291117
rs7749829	0.498028
rs9470647	0.869307
rs13216585	0.683113
rs9462335	0.808703
rs9462336	0.867942
rs34457422	0.258487
rs2031595	0.498028
rs9462338	0.869471
rs11751417	0.86958
rs11753078	0.869689
rs9470649	0.865701
rs67983335	0.870291
rs4711507	0.470149
rs9462342	0.870949
rs9470652	0.871004
rs57760403	0.871882
rs9366944	0.604609
rs28456343	0.875468
rs28604953	0.876133
rs9357250	0.290004
rs70981653	0.561419
rs72824081	0.876688
rs74741235	0.694109
rs11752244	0.869307
rs11759900	0.869421
rs11757073	0.869451
rs11962958	0.983784
rs11968013	0.985194
rs11961287	0.983784
rs12528610	0.804133
rs11760074	0.983784
rs9470662	0.983437
rs9470663	0.983784
rs9470666	0.994765
rs9470667	0.253342
rs9462352	0.746604
rs11753533	0.983784
rs34736803	0.983784
rs9470669	0.983784
rs9470670	0.982853
rs9470673	0.983784
rs1475358	0.595635
rs1475357	0.710434
rs9357253	0.315708
rs9462355	0.894926
rs10456094	0.581538
rs9470682	0.894857
rs9380700	0.824198
rs2327464	0.676819
rs12213920	0.824012
rs9470692	0.894841
rs2148254	0.572265
rs9470697	0.678903
rs9470698	0.894834
rs9380702	0.795392
rs9470699	0.890354
rs9369021	0.814356
rs62398268	0.894915
rs9462364	0.475716
rs9380705	0.27903
rs6905791	0.685825
rs6921878	0.795012
rs75278462	0.27927
rs9462365	0.740302
rs9470713	0.892338
rs9462366	0.91432
rs67487004	0.891866
rs62398271	0.890869
rs35209346	0.997914
rs35436889	0.986512
rs9470718	0.888602
rs9380706	0.261895
rs112227813	0.146055
rs9470720	0.880531
rs9470721	0.878652
rs10947708	0.882304
rs80162301	0.279145
rs7753800	0.98939
rs78164230	0.279145
rs2296576	0.736925
rs13196360	0.73436
rs138921817	0.429222
rs62398272	0.880723
rs749446	0.490003
rs78825705	0.308147
rs1574343	0.765881
rs1574166	0.569371
rs3902984	0.842464
rs66666410	0.849195
rs72826014	0.877443
rs71936157	0.279321
rs13213752	0.600876
rs7748578	0.876688
rs6458035	0.961442
rs6916066	0.903884
rs5874359	0.906153
rs9470741	0.876064
rs1409287	0.876064
rs1409286	0.978569
rs4357124	0.731558
rs4714115	0.96849
rs61706528	0.279321
rs4714116	0.96849
rs4714119	0.96849
rs6925772	0.32957
rs9470749	0.997689
rs9470750	0.911524
rs9470751	0.921968
rs9462377	0.89499
rs9470752	0.901228
rs9470754	0.901228
rs58503060	0.279321
rs9470756	0.845779
rs60857853	0.697704
rs34062919	0.239549
rs9462378	0.936362
rs9369032	0.650661
rs17765290	0.967635
rs9470768	0.978377
rs17697699	0.215638
rs9462379	0.875863
rs956598	0.671374
rs9470780	0.875863
rs9349054	0.650593
rs2327505	0.895843
rs2327506	0.967635
rs147110626	0.883533
rs376013662	0.883533
rs9470793	0.875863
rs9296237	0.450026
rs9394473	0.450026
rs62395280	0.875863
rs7741598	0.875863
rs12525800	0.721818
rs9470808	0.875863
rs17676598	0.545296
rs9462407	0.875863
rs9470821	0.875863
rs9462408	0.878936
rs1570987	0.860821
rs9366948	0.641637
rs35875460	0.045845
rs9394479	0.952463
rs12234132	0.877819
rs187850449	0.244762
rs192426563	0.582725
rs6933521	0.620199
rs6906944	0.664169
rs9470838	0.0963746
rs7754856	0.43864
rs9470843	0.0768833
rs9462420	0.169153
rs35496291	0.540076
rs9470844	0.53063
rs199688283	0.411884
rs9470854	0.968712
rs17676641	0.282982
rs9349068	0.46524
rs9296244	0.89335
rs80324683	0.553848
rs10223323	0.273991
rs12210350	0.674317
rs1570989	0.561228
rs1570988	0.674317
rs964432	0.19814
rs6934047	0.800653
rs62395289	0.171354
rs4291087	0.856966
rs4454118	0.441012
rs7773907	0.274083
rs9349070	0.907881
rs34138717	0.658585
rs35341148	0.853919
rs9296246	0.463395
rs1475356	0.959298
rs71551285	0.791472
rs9366954	0.430385
rs4598055	0.791744
rs1983883	0.793792
rs142042716	0.397242
rs4714150	0.623856
rs145437398	0.733333
rs9885932	0.8383
rs72826042	0.965588
rs62395290	0.716774
rs67757013	0.588899
rs12208186	0.982381
rs1886981	0.978156
rs12196128	0.755004
rs71551286	0.61269
rs62395291	0.245256
rs6933280	0.657496
rs115743545	0.270583
rs55760539	0.551513
rs13218440	0.185727
rs55698720	0.548917
rs56321224	0.710886
rs66530314	0.549476
rs7743221	0.39152
rs9470880	0.657496
rs6930779	0.657496
rs7749026	0.232803
rs75675058	0.557458
rs6458056	0.560952
rs72826051	0.642812
rs7765398	0.430434
rs67170588	0.562436
rs13212720	0.549784
rs17608729	0.755958
rs72826052	0.574627
rs9394504	0.592954
rs56050214	0.547899
rs60527253	0.570573
rs4714170	0.323166
rs144143921	0.595108
rs62395293	0.158236
rs146472999	0.839641
rs13195225	0.595619
rs75662687	0.53687
rs6916070	0.547899
rs16872237	0.0442545
rs56938888	0.0660856
rs62395294	0.354247
rs62395295	0.354247
rs71551288	0.404673
rs13219465	0.404758
rs79373093	0.475637
rs4304148	0.638005
rs62395296	0.972
rs71551289	0.762952
rs71551290	0.40045
rs112833238	0.403091
rs60989767	0.295958
rs9470900	0.12463
rs78943861	0.394502
rs75759007	0.466482
rs79029571	0.0660856
rs9470903	0.629487
rs9380756	0.498018
rs151302427	0.401149
rs9462445	0.273104
rs13198374	0.394275
rs13201819	0.40128
rs61428390	0.189287
rs13215677	0.408351
rs7770934	0.229252
rs71551291	0.401758
rs17608813	0.380145
rs12210300	0.354147
rs2327508	0.892559
rs2327509	0.774884
rs17608833	0.395411
rs77068654	0.0660837
rs12176308	0.144594
rs9462447	0.273104
rs77514992	0.412828
rs17608874	0.406144
rs12664373	0.747751
rs9296257	0.753134
rs9296258	0.902641
rs4339450	0.656089
rs72826076	0.707803
rs9369074	0.787717
rs67632693	0.682925
rs4467769	0.585573
rs4467770	0.99655
rs10456464	0.505305
rs10947756	0.538862
rs17608937	0.495735
rs6928420	0.865187
rs9369076	0.473896
rs9357278	0.693146
rs9462452	0.456772
rs145920582	0.507154
rs6939913	0.188773
rs6940075	0.67096
rs2327511	0.478931
rs9394526	0.855163
rs71722866	0.949182
rs9380769	0.493546
rs9296262	0.998876
rs6910367	0.648713
rs72826081	0.652141
rs145079977	0.652408
rs10947758	0.3317
rs9369081	0.194167
rs9394538	0.341274
rs4714187	0.74261
rs9380781	0.235908
rs9394540	0.870308
rs9394541	0.870047
rs9369083	0.341274
rs9366980	0.651608
rs7752678	0.310384
rs12662314	0.705467
rs6916455	0.870047
rs7768491	0.809837
rs9380790	0.307621
rs6907440	0.651608
rs55637995	0.704577
rs9366985	0.310384
rs4407714	0.81706
rs13206426	0.307621
rs9394551	0.923579
rs138612503	0.276879
rs116694663	0.651132
rs62386762	0.0911783
rs13193986	0.559937
rs35549154	0.495727
rs560473929	0.456563
rs4711564	0.5044
rs2327512	0.400041
rs12213481	0.827644
rs72826086	0.651608
rs72826088	0.651608
rs4714201	0.386721
rs72826090	0.94293
rs72826091	0.543203
rs4377779	0.38648
rs2327514	0.0132536
rs16872277	0.858946
rs2327515	0.16201
rs9394569	0.341274
rs3800499	0.400041
rs2228215	0.341274
rs2228209	0.30816
rs2228210	0.30816
rs2228211	0.2186
rs2228220	0.94293
rs2228212	0.205067
rs2228213	0.314562
rs1126472	0.749627
rs6929481	0.692813
rs9369101	0.651608
rs9369102	0.92767
rs7741589	0.494366
rs7383768	0.307621
rs9369103	0.431428
rs9357299	0.307621
rs3734271	0.788475
rs12213070	0.314646
rs3777777	0.494467
rs9380831	0.94293
rs3777776	0.341274
rs3777775	0.100835
rs3777774	0.474863
rs3777773	0.817817
rs3777772	0.400209
rs3777771	0.866533
rs3777770	0.866533
rs3777769	0.757486
rs3822926	0.757486
rs219940	0.440536
rs12664849	0.42266
rs4443504	0.474678
rs9369106	0.560798
rs9380837	0.651817
rs6917623	0.240639
rs13202558	0.0121578
rs147193332	0.400125
rs9369108	0.314562
rs72828103	0.400125
rs10947793	0.356567
rs146933178	0.479298
rs6931770	0.47477
rs219945	0.582103
rs111928482	0.244174
rs219946	0.728123
rs116156745	0.0121605
rs139476391	0.400125
rs36147437	0.257308
rs55718117	0.756679
rs4317394	0.249116
rs7449638	0.41418
rs4714232	0.307589
rs72828104	0.48239
rs3777768	0.266325
rs3777767	0.400125
rs220018	0.352369
rs3777764	0.400209
rs3777763	0.16201
rs3777762	0.85717
rs3777761	0.314562
rs3777760	0.284559
rs3822925	0.314562
rs1998528	0.314562
rs3777758	0.653211
rs34222460	0.387239
rs220021	0.379246
rs220022	0.429827
rs13209918	0.307498
rs220024	0.430884
rs4484521	0.38675
rs220025	0.351375
rs2157492	0.403877
rs34125199	0.246857
rs2157494	0.618037
rs2157495	0.276494
rs12199075	0.306224
rs219948	0.948685
rs116840241	0.667838
rs12663812	0.397412
rs9394589	0.596332
rs72828110	0.395555
rs12197552	0.825665
rs9380859	0.32303
rs219949	0.398453
rs7751398	0.912927
rs7747677	0.453085
rs3777757	0.546153
rs3777756	0.13764
rs3777755	0.0703052
rs3777754	0.912304
rs219950	0.833349
rs16872348	0.177633
rs150601278	0.212205
rs55760302	0.204005
rs146354175	0.761655
rs139193745	0.561563
rs146161773	0.22583
rs145103933	0.960641
rs12664121	0.171881
rs60122380	0.183568
rs149484262	0.619437
rs9394604	0.665094
rs219963	0.437138
rs9394605	0.0930925
rs72828115	0.821601
rs9369125	0.0708209
rs9380878	0.087793
rs10947819	0.970025
rs9367018	0.556676
rs219964	0.615047
rs12189595	0.495615
rs71881283	0.19259
rs12209865	0.111609
rs1111404	0.168532
rs10755704	0.186809
rs12661851	0.205946
rs10755705	0.117414
rs12191789	0.466392
rs10807210	0.077342
rs1978050	0.470325
rs55786725	0.591378
rs12199790	0.124238
rs9394618	0.11667
rs34030751	0.0339011
rs219965	0.118713
rs12192252	0.978619
rs9471137	0.377714
rs34818211	0.130889
rs76163728	0.371788
rs79854820	0.371788
rs219967	0.799732
rs16872375	0.787881
rs62386834	0.18766
rs16872377	0.371636
rs219968	0.824862
rs74490704	0.378942
rs10947826	0.129778
rs11755555	0.776532
rs112086487	0.11842
rs112931839	0.191641
rs146280982	0.822964
rs114829086	0.497687
rs75433004	0.195654
rs74458086	0.489745
rs7755045	0.0527932
rs35810403	0.386056
rs113512705	0.504698
rs7759152	0.194075
rs9380886	0.577203
rs7746805	0.557219
rs4714268	0.382569
rs10947833	0.44066
rs9367023	0.24299
rs1023482	0.743022
rs12209830	0.675002
rs16872417	0.539933
rs7759267	0.660909
rs12203579	0.44581
rs2876257	0.348722
rs12196752	0.987788
rs7745559	0.270888
rs7759950	0.912565
rs34941519	0.271302
rs12198779	0.537939
rs72828130	0.542616
rs6933019	0.737568
rs71791235	0.518878
rs10484256	0.532531
rs219972	0.024527
rs9380894	0.382991
rs1040992	0.521733
rs1040993	0.517205
rs1040994	0.516918
rs11969649	0.679623
rs72828132	0.514344
rs219975	0.0826029
rs72828134	0.5139
rs219976	0.0789829
rs7758143	0.334831
rs219977	0.953415
rs219978	0.894433
rs219979	0.0835079
rs2012560	0.864557
rs1022848	0.900849
rs1023483	0.851799
rs2187912	0.436808
rs9380902	0.657289
rs9380903	0.423272
rs7765299	0.217531
rs9369145	0.468819
rs6458125	0.95684
rs2227214	0.765113
rs763326	0.764874
rs763326	0.769906
rs219981	0.0106591
rs149683959	0.0466032
rs1034451	0.954642
rs56269050	0.375932
rs9471195	0.406386
rs219982	0.35306
rs7761754	0.465492
rs219983	0.0165298
rs72653728	0.213655
rs219984	0.712227
rs1739341	0.203351
rs219985	0.0561668
rs219986	0.0628483
rs140810	0.703017
rs219987	0.702626
rs1739340	0.682076
rs219988	0.101537
rs219990	0.0585777
rs9471209	0.620618
rs9471210	0.251243
rs219991	0.159876
rs9471211	0.313381
rs77269958	0.804608
rs74925802	0.803755
rs219992	0.808914
rs219993	0.368198
rs184799363	0.676968
rs9471212	0.0235145
rs6936964	0.0528562
rs6941556	0.0212327
rs219994	0.026588
rs219995	0.055059
rs9471213	0.470041
rs149255310	0.343972
rs219997	0.464935
rs219998	0.0585593
rs219999	0.469201
rs72653729	0.208435
rs220000	0.211611
rs220001	0.162672
rs9462582	0.208435
rs435292	0.404359
rs405742	0.404359
rs220002	0.515634
rs220003	0.53023
rs1794851	0.30591
rs220004	0.979433
rs13217165	0.662066
rs220005	0.726782
rs144264268	0.74031
rs220006	0.211568
rs66554626	0.45174
rs9380913	0.358009
rs34203216	0.588682
rs220007	0.590115
rs220008	0.377409
rs220009	0.414082
rs9471223	0.316114
rs220010	0.46887
rs57298626	0.704276
rs220011	0.739431
rs9367034	0.970872
rs4714276	0.910277
rs146589112	0.604262
rs112432665	0.6024
rs74947544	0.602723
rs73722731	0.638894
rs1794852	0.871081
rs9369150	0.75924
rs1794853	0.951454
rs9394639	0.773645
rs3021344	0.933998
rs34648790	0.997768
rs34696672	0.680607
rs12662776	0.606694
rs1794854	0.982966
rs1794855	0.889211
rs1794856	0.868756
rs1739346	0.982457
rs10755709	0.807822
rs12208557	0.81619
rs9380916	0.996814
rs9380917	0.997276
rs12202543	0.807488
rs7356945	0.993414
rs58641707	0.277599
rs4711607	0.718078
rs9462590	0.508445
rs4714277	0.459089
rs9471232	0.458956
rs6908010	0.625009
rs62388204	0.665708
rs10807220	0.458956
rs9471234	0.95358
rs4714280	0.608899
rs34152173	0.682045
rs12212581	0.665708
rs12662518	0.97501
rs6920173	0.628996
rs6920525	0.565905
rs10456102	0.665708
rs72828170	0.975206
rs72828172	0.976024
rs6938133	0.696371
rs6914574	0.83487
rs12209755	0.813086
rs557767	0.594146
rs557768	0.751549
rs2144221	0.636639
rs2180030	0.500026
rs6922296	0.815143
rs6907344	0.815682
rs17592421	0.499577
rs72828177	0.503034
rs9471238	0.81158
rs2327537	0.904236
rs2327538	0.904236
rs10947850	0.830904
rs1321167	0.904236
rs111531590	0.499577
rs17592533	0.499618
rs4714298	0.29788
rs4714300	0.995511
rs6939995	0.815927
rs6458132	0.994495
rs9296319	0.716655
rs6458133	0.24371
rs6458134	0.24371
rs6458135	0.162892
rs7740994	0.567355
rs72828183	0.818663
rs6458136	0.99372
rs6926835	0.815927
rs6458137	0.99372
rs9349138	0.499577
rs9367045	0.499577
rs7746853	0.619258
rs11751055	0.951361
rs9471240	0.831665
rs9369169	0.686045
rs1794859	0.499577
rs80181197	0.499577
rs9380934	0.800084
rs9471242	0.856325
rs4711617	0.238809
rs62389469	0.747988
rs1028715	0.900114
rs1028716	0.226077
rs1029326	0.712761
rs1922942	0.238271
rs6458138	0.53224
rs68171754	0.714227
rs66744403	0.750846
rs1321053	0.688832
rs72828189	0.669191
rs10947858	0.559858
rs484690	0.500238
rs4490660	0.500608
rs59188071	0.695742
rs565744	0.918088
rs7753056	0.558913
rs13214263	0.560698
rs57835349	0.966157
rs72828195	0.663715
rs9357318	0.69903
rs553182	0.514559
rs10807227	0.298805
rs7766303	0.278774
rs7749495	0.278514
rs507752	0.466011
rs72828196	0.972334
rs9394667	0.466011
rs9394671	0.434102
rs9380938	0.75424
rs10947862	0.29588
rs28514706	0.972334
rs25623	0.334086
rs28537410	0.972334
rs3927457	0.707621
rs10456479	0.29756
rs9471283	0.300402
rs11760128	0.295756
rs9349146	0.408706
rs9394678	0.466011
rs6910447	0.891066
rs10456105	0.295506
rs557421	0.418587
rs34341285	0.280277
rs72828199	0.972334
rs1998527	0.418587
rs500843	0.425116
rs511319	0.438554
rs542300	0.409961
rs542483	0.372645
rs544134	0.415913
rs9380949	0.421415
rs10755713	0.261501
rs12216179	0.396641
rs61659422	0.869591
rs9349152	0.532544
rs4714340	0.5206
rs4714341	0.532341
rs12201479	0.374001
rs1739344	0.564235
rs11297420	0.736629
rs7744944	0.7388
rs201349955	0.777226
rs9471336	0.800347
rs1739343	0.389232
rs17593571	0.494815
rs2032547	0.941722
rs2032548	0.724598
rs9367057	0.291437
rs6940769	0.391379
rs6458155	0.287641
rs9394696	0.0740409
rs1852977	0.592175
rs13192093	0.126125
rs4145451	0.0583018
rs1321054	0.0580731
rs1321055	0.745463
rs6939181	0.132454
rs10947891	0.0989897
rs9369209	0.0978826
rs9369210	0.0909502
rs2092760	0.235083
rs2327539	0.0546268
rs2876268	0.0557189
rs220016	0.144559
rs12216450	0.0940348
rs34807043	0.805365
rs1575055	0.0571145
rs12195890	0.101266
rs4714350	0.913547
rs2327542	0.0944499
rs521824	0.389552
rs9349158	0.420527
rs28375951	0.358701
rs200697327	0.0519212
rs4714351	0.624194
rs77930781	0.0879295
rs115061992	0.0879354
rs6931867	0.41775
rs72830012	0.0879475
rs72830013	0.0879475
rs72830014	0.0879475
rs4714352	0.947447
rs7775803	0.942711
rs9369212	0.100266
rs10807242	0.341427
rs72830017	0.0879475
rs6938692	0.0830006
rs6911984	0.768425
rs116233065	0.0879475
rs140974097	0.0879475
rs72830018	0.0879475
rs9369217	0.0570767
rs9357336	0.0558202
rs9380973	0.0560774
rs1014505	0.262277
rs9380978	0.0964069
rs9380979	0.0962422
rs143737458	0.00967794
rs185611622	0.00967794
rs9471406	0.0961121
rs113413253	0.0953195
rs144160017	0.0881258
rs2859337	0.729943
rs3756865	0.0791668
rs71741161	0.0140963
rs3756863	0.404367
rs1800784	0.0220654
rs1800785	0.0220654
rs1800541	0.416344
rs3087459	0.0930697
rs1800997	0.662867
rs2070698	0.132463
rs548079459	0.368226
rs2248580	0.75129
rs1800542	0.0732168
rs2070699	0.845316
rs1476046	0.0888614
rs9296343	0.0532442
rs10478717	0.751427
rs10478718	0.36414
rs1800543	0.205096
rs5369	0.639559
rs1794849	0.0524449
rs2071942	0.0850015
rs10478723	0.00220056
rs1626492	0.121868
rs6912834	0.549432
rs2071943	0.11534
rs1629862	0.631245
rs1630736	0.87201
rs184995071	0.0159265
rs5370	0.0974209
rs9296344	0.166894
rs4714383	0.67293
rs4714384	0.189129
rs9296345	0.0398763
rs2859338	0.0363493
rs75477886	0.415581
rs6458187	0.494929
rs16872592	0.0739121
rs7356986	0.0414852
rs11752276	0.116654
rs6906760	0.0592793
rs9471434	0.125993
rs6899673	0.0414852
rs11755836	0.11661
rs9471435	0.0600407
rs9394741	0.524385
rs74428111	0.415581
rs75321913	0.0437888
rs9462653	0.126073
rs16872602	0.0604663
rs113886202	0.0849851
rs73367528	0.527603
rs9471438	0.976617
rs16872608	0.13363
rs16872612	0.287899
rs16872616	0.287899
rs78080560	0.0849851
rs111404741	0.107523
rs9471440	0.148924
rs9471441	0.148924
rs112555306	0.0812621
rs2032549	0.133709
rs9462656	0.152399
rs73367535	0.895352
rs111880110	0.53276
rs73722765	0.889073
rs16872628	0.0849851
rs73722766	0.0672008
rs10947935	0.13363
rs9381013	0.13363
rs9381015	0.798763
rs9369246	0.0436919
rs4714414	0.0436919
rs4711654	0.982033
rs6458193	0.796056
rs6921790	0.433362
rs200987065	0.109153
rs147183366	0.881972
rs142919330	0.102093
rs11753558	0.795252
rs11757019	0.133101
rs17765653	0.782673
rs16872650	0.0815363
rs9462666	0.0271642
rs4711655	0.435914
rs4714418	0.494648
rs4714419	0.14437
rs111974449	0.0253004
rs56058129	0.0114441
rs62389538	0.133617
rs9357344	0.135553
rs16872653	0.0264324
rs16872657	0.196994
rs9381033	0.881611
rs9381035	0.881431
rs9369261	0.197697
rs16872662	0.0981201
rs10947946	0.105608
rs9471476	0.0189816
rs73722768	0.646704
rs7750360	0.484185
rs4379286	0.594232
rs10947948	0.951971
rs12055484	0.594232
rs10947949	0.983288
rs13208829	0.100513
rs4714429	0.0958634
rs16872679	0.817086
rs73367561	0.824309
rs9369262	0.593082
rs6927883	0.777858
rs9357346	0.474471
rs112903581	0.221819
rs78385009	0.221819
rs9471486	0.820945
rs4076735	0.221097
rs62389540	0.175459
rs7760229	0.824935
rs9471496	0.827851
rs12524919	0.221827
rs12530046	0.207245
rs35198442	0.263142
rs17765682	0.3977
rs73367571	0.33719
rs12110345	0.662458
rs6932390	0.577036
rs57906680	0.363458
rs9471517	0.331933
rs9462681	0.882416
rs9462684	0.884485
rs1317584	0.829843
rs10947954	0.498335
rs10807258	0.983697
rs2184329	0.881012
rs16872704	0.295717
rs2327544	0.791239
rs6903351	0.622029
rs2095344	0.848726
rs2095345	0.659457
rs9471538	0.666002
rs58920749	0.695627
rs1360722	0.789949
rs6899475	0.917602
rs60206997	0.678315
rs2095342	0.520562
rs28817281	0.259618
rs2876269	0.497009
rs2151827	0.985123
rs62390105	0.86504
rs2327545	0.528138
rs2327546	0.945499
rs145371067	0.0999703
rs2050288	0.338627
rs1034234	0.995332
rs12332935	0.517843
rs12333326	0.333079
rs17615558	0.551445
rs1889393	0.542048
rs11756487	0.748303
rs971054	0.623702
rs4714456	0.70689
rs77413827	0.549388
rs67338525	0.160179
rs34589713	0.34957
rs59448707	0.95524
rs12527545	0.708879
rs1334303	0.356488
rs16872713	0.491365
rs6925906	0.514503
rs76727162	0.832805
rs148938262	0.684375
rs6926651	0.423443
rs11757028	0.180538
rs79507696	0.507025
rs62390106	0.180648
rs59325912	0.61695
rs78975191	0.0234723
rs62390108	0.718647
rs1931549	0.315957
rs74772044	0.832805
rs78328908	0.514503
rs1931550	0.419817
rs73369209	0.0698357
rs73369211	0.251366
rs1931551	0.0717162
rs72830043	0.414954
rs4711675	0.493773
rs12209898	0.379027
rs9381071	0.610673
rs10080709	0.868683
rs4714469	0.614368
rs9381072	0.809283
rs67560103	0.96906
rs35564941	0.536077
rs9462715	0.628458
rs9394804	0.965699
rs9381073	0.597359
rs6934829	0.801331
rs13199487	0.890459
rs7753710	0.0414378
rs9296364	0.262017
rs6903664	0.331577
rs70987070	0.785065
rs71553205	0.785065
rs6458226	0.264042
rs16872733	0.371413
rs67730698	0.145425
rs71553207	0.78564
rs111713484	0.900635
rs6458227	0.0318477
rs9381081	0.391561
rs13202892	0.786238
rs7758055	0.341643
rs6458229	0.292922
rs34145943	0.8793
rs13362601	0.572324
rs4714488	0.199438
rs4714490	0.172617
rs4714491	0.172617
rs148007795	0.622058
rs9462724	0.675098
rs9462725	0.675098
rs4714493	0.138029
rs7762800	0.0349573
rs12192993	0.341245
rs12206051	0.178688
rs9394817	0.481673
rs11755102	0.282216
rs58785653	0.0349573
rs10456504	0.148232
rs9784878	0.160733
rs7744928	0.166723
rs12193543	0.67468
rs9394818	0.435763
rs34440922	0.0495439
rs9462731	0.288429
rs13218663	0.427331
rs16872748	0.453865
rs9471621	0.323039
rs10947982	0.269953
rs10947983	0.716429
rs10807266	0.363039
rs73369232	0.0349423
rs34597561	0.0615694
rs10947984	0.382295
rs10947985	0.730389
rs7738541	0.279388
rs13204675	0.884434
rs994565	0.474094
rs994566	0.349035
rs60855752	0.675098
rs2151829	0.421
rs2151830	0.318393
rs34532345	0.760882
rs2876283	0.27271
rs9369306	0.473915
rs9394825	0.24817
rs144132379	0.235545
rs78128769	0.705186
rs9381092	0.262808
rs1034236	0.539753
rs72830065	0.104056
rs1360723	0.998827
rs72830066	0.985723
rs1572200	0.5659
rs1572201	0.503347
rs72830067	0.675098
rs6922952	0.76475
rs994632	0.492028
rs7774034	0.469154
rs35514914	0.518184
rs7750672	0.516112
rs9394827	0.309377
rs11756081	0.924184
rs6458241	0.979039
rs200106761	0.979039
rs6458241	0.717803
rs200106761	0.717803
rs72830069	0.67438
rs72830070	0.67438
rs7356887	0.417485
rs7356888	0.675098
rs1034237	0.415361
rs7771680	0.442497
rs16872754	0.88802
rs1334304	0.410051
rs1334305	0.409546
rs78535563	0.922755
rs76860606	0.515253
rs6922970	0.884679
rs6927503	0.685455
rs4714513	0.473814
rs72832088	0.19268
rs9369307	0.275019
rs17615708	0.752876
rs145677994	0.351154
rs6458245	0.556497
rs2050289	0.801251
rs9369310	0.735182
rs139631802	0.896508
rs4711691	0.480827
rs12194574	0.859283
rs7739575	0.637007
rs61160702	0.337515
rs60953958	0.337515
rs77698934	0.337729
rs9367114	0.639172
rs9471684	0.879932
rs16872761	0.179663
rs71874508	0.256153
rs76860310	0.216126
rs12216318	0.754877
rs12197800	0.754166
rs12199302	0.880914
rs35824890	0.60878
rs9471691	0.883721
rs12206153	0.748431
rs7744631	0.886155
rs9394840	0.480216
rs9462757	0.897972
rs34318579	0.495542
rs756250	0.126619
rs9471712	0.69444
rs7771670	0.921442
rs7776084	0.869214
rs61151266	0.693572
rs12204755	0.69444
rs9349210	0.901231
rs12206518	0.695289
rs12206583	0.69613
rs13210439	0.622108
rs2151831	0.914304
rs12208655	0.666687
rs9381125	0.869043
rs72832096	0.126619
rs9471742	0.126619
rs35233774	0.771451
rs7740766	0.779121
rs17698269	0.597187
rs12528246	0.767505
rs9394861	0.930702
rs9471753	0.129263
rs9471757	0.635598
rs12110417	0.201545
rs10948012	0.205833
rs9369336	0.13286
rs9394867	0.122584
rs9381141	0.356814
rs13199316	0.156371
rs13203590	0.15642
rs4714566	0.161503
rs4714567	0.161674
rs78002156	0.30453
rs7759908	0.173584
rs7741815	0.17762
rs9394874	0.184913
rs9369340	0.18277
rs34843586	0.391393
rs9296377	0.182831
rs72833706	0.740001
rs9394875	0.183477
rs9357388	0.183645
rs62389149	0.376578
rs9369343	0.273578
rs9296380	0.184213
rs7747560	0.184257
rs7773116	0.184388
rs12697947	0.184324
rs68185123	0.226914
rs201819645	0.15718
rs34791503	0.185869
rs9367131	0.188894
rs9349223	0.188894
rs9394883	0.188939
rs9394884	0.276886
rs9369345	0.188692
rs6928514	0.192532
rs17698358	0.769009
rs2876284	0.18903
rs2065646	0.18903
rs4605878	0.18903
rs9394886	0.188983
rs9394887	0.18903
rs9349225	0.18903
rs2065647	0.73442
rs4714581	0.18903
rs9369351	0.734871
rs9357392	0.18903
rs876212	0.18903
rs17765987	0.652478
rs915080	0.18903
rs2327584	0.18903
rs6930807	0.18903
rs9369353	0.188983
rs7746491	0.18903
rs116563385	0.825473
rs9357393	0.189036
rs9357394	0.345853
rs1034235	0.964369
rs1855524	0.208234
rs1572199	0.18882
rs9367138	0.254207
rs9369354	0.274892
rs9367139	0.18882
rs9296382	0.198305
rs17766041	0.652478
rs9381162	0.199793
rs17698435	0.804429
rs9462794	0.687107
rs6901053	0.88173
rs10570280	0.883962
rs9471832	0.397386
rs4714588	0.88173
rs11455642	0.673852
rs9471843	0.433784
rs12211348	0.194705
rs7765747	0.383444
rs7752834	0.487026
rs1931546	0.750385
rs1831968	0.252916
rs1819528	0.222581
rs10948032	0.219231
rs1855527	0.472446
rs10673856	0.844832
rs12197113	0.590636
rs34578518	0.104845
rs10948033	0.64422
rs141851846	0.0174209
rs4714604	0.489743
rs7760491	0.169357
rs9471855	0.096715
rs9381171	0.687854
rs9471860	0.195347
rs72833724	0.178401
rs9394898	0.707888
rs12200522	0.401181
rs34288139	0.743664
rs34199442	0.855717
rs9689455	0.855348
rs111797764	0.459942
rs9296384	0.950107
rs9381176	0.854326
rs9381177	0.854519
rs9296385	0.808477
rs9296386	0.854935
rs9381180	0.75218
rs35668582	0.754223
rs12209939	0.753139
rs12190676	0.91719
rs12213065	0.753827
rs201929790	0.69993
rs12530036	0.75547
rs12208522	0.758706
rs12208572	0.790691
rs146911630	0.759068
rs9369364	0.760466
rs9381187	0.640352
rs12526847	0.231695
rs6458287	0.284026
rs9381193	0.873963
rs61339415	0.223925
rs9296391	0.577214
rs77182737	0.35092
rs9296392	0.336021
rs9296393	0.690868
rs2327585	0.700971
rs1413510	0.706239
rs1413511	0.708018
rs2050290	0.721743
rs9381200	0.738075
rs9369371	0.234529
rs9471883	0.600937
rs112318066	0.466232
rs7740778	0.757112
rs9471890	0.598179
rs9369375	0.440204
rs2876273	0.596698
rs9394914	0.462163
rs7743158	0.744835
rs12200793	0.697419
rs10807283	0.530638
rs67871170	0.530496
rs9381210	0.654704
rs1999622	0.488771
rs1999623	0.287603
rs7753779	0.458463
rs9471913	0.423692
rs35769721	0.909465
rs9394922	0.383138
rs6914085	0.459757
rs9381221	0.617427
rs9462831	0.3484
rs72833726	0.996411
rs4714632	0.857103
rs1413513	0.84788
rs1413512	0.412491
rs35802624	0.780375
rs13217076	0.746257
rs9381224	0.829275
rs7756687	0.908822
rs16872856	0.478197
rs9471946	0.837141
rs9471949	0.837507
rs9394930	0.610425
rs9296400	0.837873
rs13214038	0.937389
rs9471953	0.755901
rs12215499	0.984571
rs12198798	0.392014
rs9349244	0.694153
rs9369392	0.751772
rs1931548	0.910722
rs12199205	0.579344
rs1360721	0.780341
rs34869084	0.819234
rs7761175	0.818026
rs9369393	0.824859
rs9369394	0.825097
rs9349245	0.725348
rs9349246	0.823901
rs4714636	0.583674
rs4714637	0.825517
rs4714639	0.854245
rs9394933	0.585929
rs9394934	0.588466
rs9349248	0.591679
rs9394935	0.611823
rs9349249	0.565255
rs9394936	0.817528
rs12196360	0.550076
rs9349250	0.990492
rs13206741	0.651557
rs13211009	0.450191
rs13214464	0.378275
rs12200259	0.979685
rs12204943	0.58299
rs10948062	0.272899
rs12200432	0.0283544
rs13199416	0.509202
rs2095343	0.231946
rs2104988	0.871565
rs4714647	0.492185
rs9369398	0.318998
rs9381228	0.330635
rs6935597	0.216636
rs4714648	0.663365
rs4714649	0.761463
rs12204101	0.64065
rs13193318	0.3893
rs11755521	0.326712
rs11755536	0.357588
rs11753185	0.553015
rs9394938	0.77576
rs12210635	0.240206
rs6458320	0.453551
rs6909662	0.527559
rs6914182	0.534066
rs6930677	0.607853
rs569092737	0.500137
rs10573034	0.500137
rs6914768	0.410057
rs12212807	0.352423
rs6920298	0.464187
rs9369399	0.328002
rs6920624	0.436262
rs9369400	0.787322
rs2151828	0.432214
rs2184327	0.500879
rs2184328	0.48499
rs10948063	0.300705
rs12526770	0.300525
rs4714657	0.778013
rs9357406	0.403576
rs9367168	0.314988
rs9394940	0.778013
rs7758640	0.455221
rs7744333	0.234468
rs66509518	0.778013
rs9472002	0.898595
rs12207331	0.137058
rs67649018	0.780799
rs13216146	0.778013
rs13208609	0.778013
rs60626660	0.908498
rs72833749	0.377812
rs6458324	0.689073
rs6938519	0.564135
rs9472011	0.661827
rs12210221	0.409509
rs2251840	0.847534
rs9472014	0.931533
rs2504899	0.388012
rs9462869	0.905249
rs2504902	0.685034
rs9472015	0.368363
rs62389997	0.402948
rs35111736	0.826403
rs12665596	0.909238
rs2504906	0.497186
rs58295962	0.750447
rs76206523	0.183337
rs56388817	0.408146
rs34998271	0.767128
rs75080576	0.658754
rs2504853	0.908283
rs2327564	0.704434
rs2504857	0.377612
rs17698884	0.250357
rs2504873	0.475186
rs2504876	0.75414
rs2490452	0.473888
rs2504878	0.458627
rs112293115	0.307902
rs2504881	0.460221
rs55779406	0.166776
rs2504885	0.458065
rs9296411	0.611423
rs9296412	0.610992
rs9918358	0.334388
rs7745473	0.166776
rs78730728	0.696619
rs4469288	0.601854
rs2490444	0.993955
rs2490445	0.886454
rs79545673	0.600368
rs75969618	0.600306
rs11970522	0.526793
rs78848422	0.866191
rs76849954	0.81126
rs2327565	0.59711
rs192071910	0.552033
rs184425273	0.851924
rs76017678	0.865624
rs6911027	0.325831
rs77475849	0.359921
rs6911432	0.16987
rs6937502	0.356547
rs58288781	0.203319
rs55655151	0.195786
rs145237361	0.748066
rs6927454	0.980526
rs112108810	0.203319
rs6927894	0.462829
rs9369406	0.842899
rs9472034	0.605134
rs59222149	0.131685
rs7774807	0.991369
rs56399223	0.678804
rs74541147	0.468037
rs2504888	0.767409
rs2327566	0.201807
rs17766596	0.278541
rs2504890	0.482819
rs2327567	0.203319
rs2504891	0.482819
rs114536177	0.804846
rs17698983	0.203319
rs2504892	0.653179
rs2490447	0.678638
rs67172952	0.263209
rs2504894	0.482819
rs2876277	0.566018
rs60010784	0.482819
rs56285024	0.263625
rs6899706	0.749058
rs2504895	0.565495
rs2490449	0.564523
rs56178713	0.783559
rs76921821	0.347967
rs9369414	0.813596
rs114628346	0.205086
rs78725675	0.885348
rs35128783	0.603569
rs2504897	0.61201
rs11970539	0.613315
rs17616713	0.719749
rs11970595	0.613315
rs7751296	0.613315
rs7770994	0.613315
rs2490450	0.0279636
rs2490451	0.0279636
rs4278011	0.30884
rs72833769	0.938162
rs55758472	0.30865
rs10456117	0.0042564
rs9369417	0.00429198
rs5874371	0.53264
rs4526191	0.547075
rs4535543	0.549127
rs9394959	0.536478
rs10948081	0.605017
rs9357416	0.606091
rs4623230	0.840416
rs9357418	0.955719
rs72833774	0.257467
rs7744769	0.531498
rs7744797	0.695755
rs73726311	0.695396
rs9357419	0.519025
rs79762234	0.695559
rs7765505	0.827286
rs7747213	0.619509
rs77685499	0.641251
rs7747215	0.788388
rs11964296	0.64124
rs12194512	0.370888
rs75655610	0.678573
rs67143569	0.688851
rs9472108	0.508806
rs146981389	0.401115
rs143502290	0.563951
rs514778	0.399627
rs514018	0.399878
rs2516234	0.639853
rs526125	0.400406
rs512062	0.4026
rs508351	0.404288
rs929127	0.404477
rs11757943	0.0359388
rs35092455	0.648973
rs480619	0.404583
rs5874372	0.405069
rs2516232	0.405013
rs6927364	0.592267
rs563853	0.405303
rs542119	0.40637
rs515572	0.824142
rs561480	0.396615
rs55804364	0.0359388
rs55662619	0.0354727
rs482591	0.822463
rs61631432	0.0812314
rs570170	0.175601
rs61527097	0.0812864
rs11968359	0.0941053
rs7739777	0.805813
rs7739783	0.579763
rs2504907	0.699436
rs2516227	0.704499
rs6933052	0.147481
rs6928588	0.946172
rs2516226	0.71477
rs2504908	0.722118
rs2504909	0.71026
rs2516225	0.705711
rs2504910	0.716525
rs2504911	0.626883
rs2504912	0.753963
rs2504913	0.226074
rs2516223	0.808972
rs9357424	0.52073
rs2504914	0.0420975
rs145843736	0.176697
rs519167	0.126955
rs499627	0.4921
rs481487	0.0341694
rs9349266	0.230257
rs531602	0.819629
rs570054	0.959331
rs569269	0.214025
rs475457	0.212027
rs539035	0.212263
rs471603	0.0353347
rs75580648	0.67267
rs552018	0.0349476
rs479252	0.0566444
rs524305	0.0353347
rs475480	0.0303766
rs574372	0.0355145
rs848781	0.292068
rs80208809	0.676003
rs538788	0.116357
rs514781	0.0483104
rs509558	0.0304105
rs496112	0.306427
rs494385	0.0439178
rs60178522	0.227791
rs481671	0.050605
rs481669	0.044288
rs479950	0.025093
rs479710	0.347778
rs571827	0.149958
rs548752	0.167564
rs559997	0.137979
rs2504850	0.19231
rs848776	0.154014
rs2504851	0.169416
rs530748	0.205047
rs483846	0.975283
rs500524	0.351767
rs497757	0.996957
rs67317560	0.483658
rs2504855	0.956857
rs12214113	0.740554
rs61414632	0.226851
rs548358	0.376985
rs500772	0.378715
rs521986	0.383327
rs201519920	0.444099
rs564684	0.266874
rs477433	0.948355
rs485255	0.760389
rs471823	0.959693
rs569190	0.741682
rs556613	0.956668
rs7754760	0.915399
rs472072	0.425632
rs554924	0.513334
rs9349277	0.135012
rs35212074	0.393851
rs545057	0.920739
rs9369467	0.99843
rs11756190	0.662946
rs558515513	0.0424545
rs113654799	0.0424545
rs2516213	0.675315
rs2516261	0.0423378
rs6907074	0.126322
rs149881267	0.295619
rs2516260	0.106403
rs6935762	0.113518
rs114725992	0.314098
rs12209512	0.107918
rs12214303	0.0949891
rs9381301	0.0594017
rs9381302	0.33444
rs145951715	0.103476
rs9349278	0.0148893
rs112779628	0.433234
rs11366903	0.0463997
rs12665303	0.0578663
rs10948129	0.073981
rs78379268	0.306585
rs1331479	0.0777728
rs1331478	0.0774708
rs2504863	0.0172249
rs9369470	0.0713578
rs567464	0.0193709
rs2504865	0.0131761
rs537309	0.613581
rs7770530	0.0701241
rs763517	0.0109434
rs2097550	0.101039
rs7743353	0.227909
rs2516254	0.0109434
rs9369478	0.101212
rs6458380	0.0244223
rs6458381	0.0713578
rs6458382	0.0109434
rs7768223	0.0933443
rs2516252	0.0131761
rs35111440	0.102386
rs10948135	0.0855324
rs1034550	0.0855324
rs1476058	0.0131761
rs4604262	0.0855324
rs1360468	0.0131761
rs12524361	0.0855324
rs6936516	0.0855324
rs2504871	0.0131761
rs9381319	0.0855324
rs6914781	0.0855324
rs6920445	0.0855324
rs6900090	0.0855324
rs11427457	0.119681
rs6920984	0.0855295
rs5874373	0.265689
rs5019532	0.0917366
rs2504872	0.0137303
rs5019533	0.0885252
rs5019534	0.0797359
rs5019535	0.168221
rs200751452	0.297551
rs79853322	0.276049
rs35208883	0.0854728
rs35447883	0.0855324
rs35215842	0.0855324
rs12175870	0.0855324
rs2504874	0.0349879
rs10948137	0.230939
rs200047642	0.0754932
rs1548309	0.0855185
rs6458386	0.0855046
rs6458387	0.0854769
rs9369484	0.65006
rs9369485	0.723681
rs9369486	0.723697
rs9369487	0.620385
rs1034549	0.649415
rs1034548	0.63569
rs11427458	0.608428
rs76407304	0.649003
rs2504880	0.0632533
rs149058363	0.261912
rs7749310	0.649415
rs7749636	0.649415
rs567644	0.639026
rs2516250	0.0225871
rs77996268	0.649323
rs76873730	0.649323
rs75242061	0.649323
rs76506070	0.649323
rs78700910	0.649323
rs9296433	0.900816
rs2327588	0.565903
rs4412197	0.649318
rs2327589	0.649318
rs9381326	0.649323
rs916432	0.649323
rs916431	0.650395
rs59913207	0.650663
rs58030110	0.650663
rs60283491	0.651544
rs59359400	0.650797
rs57396158	0.650797
rs16873272	0.650797
rs9367198	0.650797
rs59836753	0.650797
rs4283873	0.605553
rs4605867	0.605553
rs4623237	0.605713
rs4428498	0.70226
rs4314487	0.70226
rs2516248	0.00946593
rs2516247	0.276731
rs150107746	0.953325
rs2504882	0.022661
rs140348245	0.986211
rs76678179	0.696859
rs141907155	0.907496
rs150647159	0.575481
rs139741455	0.64918
rs143213656	0.577015
rs189842397	0.387517
rs183003751	0.3294
rs72653731	0.092933
rs74457687	0.646233
rs113975320	0.64616
rs2516246	0.0225163
rs113387853	0.640521
rs76549829	0.649323
rs116496729	0.73733
rs113670010	0.816817
rs111791999	0.649323
rs1854883	0.0126633
rs140264450	0.765839
rs144122711	0.823316
rs1854882	0.104898
rs111571669	0.639436
rs150161264	0.727661
rs138629443	0.882828
rs149142795	0.720685
rs143212921	0.719456
rs184267799	0.991455
rs192845767	0.430379
rs184303230	0.553833
rs112445801	0.726141
rs144441153	0.725096
rs11752323	0.779062
rs56156364	0.102286
rs2516243	0.00937057
rs9369493	0.421511
rs9395029	0.547139
rs2516242	0.0130846
rs2516241	0.0130846
rs2516240	0.0130846
rs2327590	0.0236673
rs138458722	0.380705
rs116592302	0.446238
rs36126339	0.536406
rs2068602	0.169293
rs766546	0.0131761
rs7770215	0.0267799
rs12196110	0.096348
rs2504887	0.0126713
rs9381342	0.00905737
rs77651978	0.475883
rs56095695	0.140123
rs6922395	0.0324496
rs10948153	0.438524
rs11969806	0.28518
rs61511472	0.228149
rs78526117	0.176707
rs522348	0.123999
rs72833792	0.614149
rs143754398	0.274954
rs6924738	0.172531
rs572994	0.394191
rs9349301	0.164174
rs6905882	0.289344
rs7745298	0.181648
rs17802521	0.410575
rs2327591	0.290853
rs558134	0.31784
rs9357455	0.264191
rs56177506	0.292091
rs471799	0.732225
rs115859056	0.556183
rs77321263	0.282871
rs9357456	0.168095
rs9357457	0.131225
rs9357458	0.208283
rs12214845	0.208031
rs115416751	0.678989
rs78247434	0.30863
rs10948174	0.170109
rs4711802	0.17926
rs534934	0.626428
rs1412000	0.119221
rs570678	0.640746
rs16873299	0.0221673
rs71553222	0.580394
rs16873301	0.58543
rs151270219	0.254592
rs511574	0.680721
rs17802893	0.913713
rs475543	0.346076
rs72833795	0.299149
rs9472419	0.088406
rs553244	0.286194
rs9472422	0.0622076
rs522923	0.493634
rs6911996	0.169485
rs11453186	0.253706
rs9472428	0.06292
rs560810	0.424694
rs9357466	0.099876
rs71552708	0.130479
rs581046	0.295016
rs524453	0.332995
rs522582	0.266501
rs12530470	0.219212
rs9367216	0.177029
rs9463067	0.0488979
rs491451	0.286191
rs576893	0.229
rs570295	0.355187
rs510620	0.355187
rs509746	0.576546
rs57163385	0.0365299
rs522117	0.355187
rs9472446	0.0498217
rs9463072	0.0530393
rs11353622	0.285094
rs476337	0.274082
rs539133	0.0523192
rs34916345	0.0523192
rs1319686	0.150314
rs60845578	0.48915
rs988309	0.251016
rs79022910	0.219061
rs35759933	0.0416824
rs9395089	0.0520975
rs868483	0.426867
rs6458438	0.331688
rs6458439	0.262386
rs997711	0.158088
rs112886125	0.441409
rs1332851	0.69974
rs112572980	0.220743
rs75903935	0.581171
rs199545517	0.0369174
rs78301356	0.111615
rs9357486	0.460448
rs9395098	0.372562
rs1332852	0.51056
rs1332853	0.51056
rs1412747	0.137792
rs1412748	0.269482
rs9369560	0.135393
rs9472484	0.651422
rs2327616	0.00126283
rs72835661	0.499293
rs77636117	0.0930495
rs17616767	0.936963
rs13217579	0.000166816
rs12526812	0.910316
rs144586264	8.9593e-06
rs6916397	0.000539683
rs6916418	0.000539683
rs6916421	0.000539683
rs4285318	0.910316
rs4583985	0.910316
rs6922482	0.000190408
rs73722820	0.859368
rs4711817	0.910316
rs12202891	0.00158634
rs112366659	0.910316
rs77482904	0.910316
rs4293998	0.910316
rs1572000	0.00121007
rs113030748	0.858747
rs9463091	0.910316
rs10948235	0.000166816
rs17678734	0.910316
rs9463093	0.859368
rs1572001	0.910316
rs4577783	0.859368
rs950720	0.000166498
rs950719	0.859368
rs1412749	0.000539683
rs6930661	0.597973
rs56244510	0.910316
rs56259669	0.910316
rs73722822	0.910316
rs73722823	0.859368
rs35231467	0.000166816
rs143600396	0.859368
rs6941422	0.00014575
rs9472511	0.910316
rs6941624	0.000166816
rs9472512	0.910316
rs9472513	0.910316
rs9472514	0.910316
rs7757205	0.000266263
rs7758513	0.000176648
rs9472519	0.911582
rs9463105	0.910316
rs9472520	0.910316
rs11758650	0.000166816
rs11753864	0.000166577
rs9463106	0.000250362
rs13215290	0.597938
rs10558700	0.000166719
rs6922969	0.000250362
rs6938417	0.000250362
rs1572002	0.000250362
rs12197422	0.0869527
rs9472528	0.910316
rs9381391	0.000839496
rs12528721	0.910316
rs9463110	0.000250362
rs12525210	0.910316
rs7760140	0.000166816
rs9296464	0.000166816
rs9296465	0.000252468
rs201146958	0.919298
rs12524974	0.000166816
rs55764622	0.910316
rs2327617	2.27604e-05
rs5874378	0.000166816
rs10948244	0.000563762
rs9472549	0.910316
rs9472551	0.000250362
rs10948247	0.000166816
rs1412751	0.000250362
rs13211722	0.597938
rs944766	0.000250362
rs883947	0.000166816
rs944767	9.99621e-06
rs2015761	0.910316
rs2015764	0.000247229
rs5874382	0.000857071
rs1412752	0.000166816
rs6458460	0.000539683
rs6458461	0.000250362
rs73722844	0.962409
rs73722845	0.962409
rs9472558	0.000166816
rs2095123	0.000117141
rs2327619	0.000166577
rs7747656	0.000166577
rs1412753	0.000166577
rs4714866	0.000250362
rs4714868	0.000250362
rs9463114	0.910316
rs73722849	0.919298
rs10807323	0.000147053
rs72164166	0.0505585
rs6924150	0.000250362
rs11284468	0.000236052
rs9463117	0.910316
rs4714870	0.000166816
rs9463119	0.910316
rs9472566	0.910316
rs7757835	0.000166577
rs7757858	0.000250362
rs9472583	0.000166816
rs17617207	0.000539683
rs16873383	0.000362239
rs12530186	0.000166816
rs2876298	0.852926
rs12523719	0.000166816
rs9472587	0.000166816
rs9472590	0.000110227
rs71552717	4.24986e-05
rs6917492	0.000162765
rs6917493	0.000160411
rs6916334	0.000166816
rs62389219	0.622948
rs9381401	0.000149364
rs28451666	0.000166816
rs13214313	0.000166816
rs13203774	0.000174307
rs113167671	0.000146971
rs13203883	0.000166979
rs9463134	0.000173586
rs9472594	0.000166816
rs12215445	0.75737
rs6919327	0.000539683
rs9463136	0.000166816
rs9463137	0.000166816
rs9472595	0.000166816
rs9463138	0.000172747
rs1953089	0.000166816
rs9463140	0.910316
rs13196135	0.00102665
rs6935309	0.000162486
rs6458473	0.000165827
rs6930873	0.000165402
rs6909834	0.000163756
rs6913075	0.00016183
rs6914513	0.000362964
rs1412738	0.000160473
rs7762417	0.000146004
rs7762547	0.000225917
rs10498681	0.919298
rs12525116	0.936963
rs112478658	0.853649
rs7760286	0.000115613
rs56270763	0.919298
rs72835688	0.0230424
rs1011188	0.936963
rs62389220	0.434507
rs62389221	0.434629
rs2151221	0.936963
rs7764490	0.0009895
rs1412740	0.000291639
rs13215300	0.444175
rs1412741	1.5157e-05
rs13215271	0.442157
rs4711841	1.50878e-05
rs35784087	0.436783
rs1332840	0.00101491
rs62389223	0.404037
rs7776079	0.002675
rs9472672	0.687498
rs6915402	0.00428665
rs10434854	0.513042
rs10434855	0.645248
rs7768030	0.743244
rs9381417	0.86147
rs58666803	0.976491
rs60954427	0.715731
rs56408440	0.513042
rs57387500	0.513042
rs77664195	0.984329
rs4142300	0.513042
rs2026457	0.00363375
rs2026458	0.000463283
rs9349344	0.00363375
rs35278288	0.861534
rs13215145	0.375854
rs9349346	0.000800628
rs530484158	0.653262
rs17679286	0.972981
rs5874386	0.625688
rs9381427	0.655222
rs6915585	0.861534
rs12528956	5.18295e-05
rs7741088	0.374737
rs1571996	0.86147
rs150503442	0.00122135
rs35247731	0.839122
rs6458493	0.650349
rs12528247	0.972981
rs6458494	0.510218
rs7743874	0.574307
rs112595492	0.574307
rs9395161	0.551277
rs9381435	0.64698
rs9395162	0.547072
rs9463187	6.59531e-05
rs1412742	0.433763
rs1412743	0.564958
rs16873431	0.470304
rs34395751	0.564915
rs13192509	0.470276
rs16873436	0.564864
rs1537334	0.350422
rs3945322	0.564838
rs9357503	0.564838
rs9349350	0.484954
rs5017386	0.564838
rs4711842	0.47024
rs1537335	0.564838
rs1537336	0.462116
rs1537337	0.47024
rs1537338	0.469924
rs9369605	0.469924
rs16873447	0.47024
rs16873449	0.47024
rs13192344	0.47024
rs9381436	0.47024
rs9367239	0.47024
rs2184027	0.47024
rs13194950	0.276684
rs4714913	0.47024
rs4711845	0.47024
rs4711848	0.432409
rs9349352	0.564838
rs9369607	0.993621
rs56170805	0.354581
rs2065490	0.47024
rs2065491	0.47024
rs9367240	0.47024
rs9296486	0.47024
rs9296487	0.00166655
rs9296488	0.564838
rs62389889	0.276339
rs9381439	0.47024
rs12215208	0.000445393
rs9395172	0.0293235
rs36043593	0.275994
rs111424726	0.987749
rs6900427	0.479675
rs13191496	0.371007
rs6917097	0.0326927
rs4714930	0.0351414
rs59402659	0.000264769
rs9369612	0.778505
rs62389892	0.370606
rs6914233	0.479234
rs62389893	0.274963
rs62389894	0.370006
rs35657920	0.432409
rs7454135	0.0308136
rs75506162	0.993826
rs13205779	0.477032
rs9395185	0.432409
rs35395772	0.272401
rs4714931	0.990631
rs35612412	0.27223
rs7748950	0.00149916
rs13198167	0.271721
rs72835698	0.126596
rs35621699	0.271721
rs6458503	0.00149987
rs55879442	0.972981
rs9296494	0.0174001
rs9395190	0.0174001
rs112629661	0.727076
rs6924353	0.313852
rs6912532	0.35364
rs6927781	0.271721
rs62389900	0.271721
rs16873462	0.271721
rs17617491	0.862414
rs7770745	0.00149987
rs17679417	0.000367749
rs34348949	0.271721
rs9381451	0.989353
rs7771962	0.000344708
rs9472752	0.0307055
rs6914467	0.278423
rs9381455	0.000100472
rs9381456	0.0173163
rs6901070	0.0221523
rs6921974	0.0173098
rs60844130	0.584606
rs9296495	0.0306637
rs35227817	0.418348
rs55803153	0.530596
rs35954478	0.543598
rs1412744	0.00462926
rs113606396	0.055213
rs55637633	0.436771
rs62389950	0.724412
rs1360579	0.000690018
rs9472777	0.000690261
rs4714946	0.00040575
rs4711856	0.885633
rs78881531	0.972981
rs9381462	0.000758416
rs66974016	1.81735e-06
rs1571997	0.000518917
rs66867947	0.0034067
rs1332841	0.000690833
rs9472786	0.000742019
rs35925781	0.208092
rs9472790	0.000525428
rs1332842	0.972981
rs17679501	0.000676451
rs4711857	0.00068419
rs4711858	0.000378153
rs139301378	0.395092
rs8180628	0.000783106
rs73362158	0.362256
rs1537340	0.00455117
rs17617584	0.850361
rs59802022	0.852298
rs55908560	0.858534
rs13208248	0.000242429
rs9349371	0.155822
rs10456561	0.187895
rs12526354	0.348992
rs9367253	0.344389
rs9357513	0.155978
rs201585992	0.48434
rs71562459	0.0056773
rs1332844	0.000236238
rs34944538	0.00396983
rs9349372	0.167089
rs35355695	0.00605293
rs7750679	0.000269683
rs6902050	0.164926
rs6930415	0.0940465
rs1332845	0.00469411
rs6925904	0.000269683
rs1332846	0.00399585
rs1332847	0.00676979
rs2876300	0.00435871
rs2095122	0.171705
rs9296512	0.000204954
rs2104908	0.147489
rs62389954	0.00435871
rs4714951	0.00399585
rs73362169	0.857211
rs1831705	0.89343
rs1831706	0.893397
rs13219256	0.00270433
rs142654847	0.00387944
rs9395214	0.000834434
rs7751826	0.00121026
rs9369640	0.00279362
rs62389955	0.00582427
rs6911226	0.000840433
rs6915983	0.000816052
rs4714955	0.00373229
rs1537341	0.349575
rs9349379	1.77292e-07
rs7759918	0.350987
rs9472888	0.135292
rs6912234	0.135292
rs59243582	0.00156204
rs2876301	6.04609e-05
rs2876302	6.77418e-05
rs2327620	0.000742991
rs7760016	0.000485044
rs7760527	0.000561646
rs13197912	0.00562183
rs1571999	0.32294
rs6916096	0.11683
rs7454157	0.000677525
rs6917613	0.11217
rs12530250	0.00362327
rs9381494	0.000547511
rs11754198	0.170219
rs11752630	0.169977
rs4711863	0.00416097
rs6915761	0.287484
rs112436134	0.283644
rs9472965	0.103025
rs17679590	0.366836
rs9463278	0.279809
rs2876303	0.00243153
rs8180558	0.00662578
rs111395058	0.0060326
rs9381500	0.0131384
rs9369650	0.00089512
rs2327621	0.0131643
rs34228161	0.00332812
rs34343839	0.00334619
rs1014342	0.000863638
rs62386818	0.00324543
rs9369652	0.00088488
rs4714988	0.381305
rs73726220	0.18814
rs1953088	0.00088251
rs10498680	0.235948
rs9296522	0.474306
rs12526453	0.00166505
rs9367262	0.685908
rs35966773	0.722112
rs4714990	0.00137387
rs12176425	0.616323
rs143329761	0.616323
rs9357521	0.616323
rs9395226	0.616323
rs9369654	0.616323
rs9357522	0.616323
rs9395229	0.58132
rs201594175	0.777554
rs201594175	0.649792
rs9296523	0.586162
rs9296524	0.565245
rs9296525	0.586162
rs9296526	0.565245
rs9369655	0.910647
rs9395231	0.852356
rs9381507	0.586201
rs2210513	0.565291
rs2210514	0.852356
rs2210515	0.506241
rs2210516	0.586201
rs9296527	0.503761
rs9472999	0.586201
rs9381511	0.768775
rs36041182	0.57979
rs9381512	0.852356
rs9463303	0.590551
rs9381513	0.551825
rs6458545	0.000932647
rs7739181	0.00154592
rs4711869	0.492134
rs9349390	0.902552
rs9395237	0.645756
rs6940481	0.638634
rs6912630	0.984257
rs13209002	0.000814187
rs9369666	0.583366
rs9395240	0.902552
rs6941877	0.902552
rs6926919	0.893908
rs13201878	0.00188012
rs4715000	0.00595402
rs6905419	0.00493497
rs7748390	0.00663418
rs6922782	0.00195336
rs6929107	0.415482
rs7769758	0.869063
rs7757180	0.969605
rs7774403	0.786904
rs72820836	0.381351
rs7775710	0.179546
rs4236091	0.749376
rs9473070	0.833986
rs6906017	0.386527
rs34175679	0.211949
rs36049381	0.134954
rs62386820	0.212001
rs35056688	0.354785
rs9473082	0.736769
rs72820839	0.0702109
rs4588689	0.135375
rs62386821	0.247997
rs9473086	0.204762
rs66820937	0.205456
rs28385616	0.385091
rs11756003	0.206029
rs4236093	0.348312
rs13194360	0.467834
rs35266083	0.463117
rs6906890	0.360366
rs6458568	0.700123
rs78006908	0.727495
rs6899754	0.700123
rs62386823	0.0541617
rs9473113	0.700123
rs11755825	0.471119
rs13211739	0.493459
rs76753585	0.0744962
rs4715015	0.11503
rs4711877	0.427275
rs4711877	0.106776
rs4715016	0.700123
rs11757634	0.692405
rs67061558	0.49243
rs9296556	0.82759
rs34541307	0.0792834
rs72820847	0.491949
rs9473120	0.776296
rs4715023	0.748542
rs7739717	0.777478
rs35147932	0.805683
rs34814928	0.34334
rs9463337	0.81858
rs4715032	0.820982
rs12203322	0.451453
rs7762881	0.821889
rs4380742	0.833125
rs7774775	0.831072
rs36100854	0.386272
rs7760857	0.901723
rs10948372	0.138574
rs6916268	0.802498
rs6920970	0.844361
rs6900619	0.704558
rs6901563	0.847551
rs9473156	0.973394
rs144105374	0.957578
rs58642921	0.95743
rs35001310	0.89705
rs4711897	0.514277
rs4711899	0.662882
rs10948377	0.0231101
rs71552730	0.507148
rs4715043	0.743325
rs35241555	0.744803
rs4715045	0.593536
rs77619825	0.29828
rs7743219	0.700714
rs9296580	0.691726
rs34476983	0.360461
rs11963982	0.643787
rs9473188	0.511508
rs66829228	0.173733
rs35713382	0.490967
rs13207062	0.673684
rs11961007	0.723117
rs67193572	0.398533
rs7341250	0.784784
rs34054869	0.69122
rs9473198	0.946224
rs28360598	0.827287
rs9463363	0.944751
rs7776310	0.496741
rs535914567	0.101857
rs9473200	0.120113
rs11758659	0.983921
rs9463364	0.899592
rs4330534	0.937345
rs4715048	0.934653
rs4236096	0.905251
rs4236097	0.891798
rs4349811	0.981944
rs9473207	0.926163
rs35684248	0.964229
rs72820860	0.842709
rs3934659	0.784375
rs11759412	0.756863
rs4331981	0.904648
rs4236098	0.824583
rs9369759	0.928568
rs9381634	0.0337086
rs4580848	0.206398
rs4129937	0.667176
rs13218974	0.300976
rs9369760	0.935387
rs9395335	0.577276
rs9349439	0.549446
rs9381635	0.375494
rs9395336	0.33411
rs115100445	0.941781
rs4132044	0.329766
rs4132046	0.961524
rs4132045	0.216401
rs79613269	0.5118
rs6924689	0.980973
rs9381636	0.950226
rs4492189	0.827624
rs9367308	0.217848
rs34511027	0.106931
rs9381638	0.21727
rs115597027	0.971807
rs4715064	0.327581
rs4715065	0.170664
rs9349440	0.198837
rs9369762	0.197453
rs35776201	0.340161
rs35305723	0.770814
rs6907651	0.105365
rs6912487	0.393517
rs6936052	0.752783
rs10807388	0.934394
rs34818167	0.884835
rs35501614	0.388924
rs111290668	0.915656
rs34267578	0.389163
rs13215349	0.389163
rs9463377	0.42147
rs4715068	0.39337
rs78273502	0.752374
rs13220000	0.486405
rs4715069	0.44297
rs4616991	0.452791
rs9369768	0.929765
rs4361612	0.400687
rs4367379	0.967726
rs4373361	0.404271
rs4131857	0.752574
rs13205551	0.412358
rs13219842	0.414625
rs13205960	0.414926
rs13190774	0.434686
rs35158688	0.437522
rs4715072	0.449521
rs34054185	0.465549
rs4379290	0.465549
rs13209107	0.465549
rs13192747	0.465549
rs72094162	0.526064
rs13193716	0.467873
rs35273948	0.465549
rs35787156	0.816163
rs11961962	0.781359
rs7451414	0.0258302
rs10948404	0.0195985
rs7757631	0.0125692
rs7743585	0.646391
rs7757960	0.0508535
rs9473285	0.891778
rs73368106	0.026115
rs7750023	0.654472
rs7756776	0.715939
rs7750099	0.702758
rs7775103	0.703646
rs7775901	0.690237
rs74683709	0.15704
rs9296591	0.15844
rs35162135	0.384781
rs36119782	0.374081
rs7748124	0.848865
rs9473318	0.415055
rs7762827	0.631854
rs9296592	0.754111
rs9369779	0.653028
rs9473354	0.19857
rs4711908	0.208109
rs4711909	0.20817
rs7738252	0.20817
rs7755806	0.402028
rs34204842	0.45751
rs6903869	0.345792
rs6932757	0.320588
rs9463408	0.245703
rs9463410	0.246723
rs9381653	0.0800273
rs4715077	0.465713
rs9473370	0.381962
rs72820875	0.625559
rs4432976	0.905894
rs4711910	0.438912
rs4580867	0.981112
rs12207703	0.080679
rs35305875	0.434865
rs34952336	0.433877
rs4715082	0.272866
rs62388202	0.103633
rs6920793	0.588548
rs9463423	0.398203
rs4624870	0.985571
rs5002331	0.980943
rs4292514	0.981843
rs4130157	0.461379
rs34885772	0.74951
rs4615376	0.466469
rs34381599	0.598352
rs35229766	0.429666
rs6458616	0.598352
rs7750120	0.398203
rs10667647	0.986041
rs4715088	0.461234
rs9473421	0.501871
rs12216401	0.997803
rs7738606	0.98402
rs9473427	0.390323
rs9473429	0.775819
rs9473435	0.749761
rs9473436	0.499307
rs13204304	0.419949
rs9473437	0.892915
rs4273675	0.89349
rs7762659	0.642928
rs73368184	0.91864
rs4329096	0.553913
rs73368189	0.222847
rs6458624	0.461553
rs73368196	0.438406
rs73368197	0.438406
rs4389765	0.462178
rs6918053	0.462559
rs113472089	0.883558
rs7775760	0.540262
rs9349456	0.898956
rs4273676	0.909453
rs4715100	0.759513
rs4715101	0.576599
rs13200673	0.416406
rs4357136	0.64809
rs4537139	0.909157
rs62389460	0.148235
rs9369815	0.647812
rs1937774	0.909157
rs11757001	0.860984
rs13215098	0.585303
rs1937771	0.592804
rs1937772	0.592167
rs1937773	0.860984
rs17375084	0.860984
rs35654535	0.616871
rs1579135	0.776677
rs34943005	0.813684
rs7762786	0.805251
rs11753838	0.873124
rs11751831	0.898689
rs9473486	0.718729
rs11754531	0.726121
rs9349459	0.260652
rs11755240	0.856733
rs35218818	0.788503
rs11961352	0.534964
rs1937766	0.683482
rs6458639	0.687403
rs6458641	0.700945
rs6921616	0.629237
rs7740162	0.629237
rs35902472	0.630482
rs7769033	0.724361
rs7744129	0.631712
rs17375327	0.093971
rs1937768	0.0597431
rs16873625	0.406145
rs35787023	0.437587
rs9349466	0.00726574
rs11964549	0.428421
rs60003650	0.475228
rs61610189	0.428043
rs35373740	0.357937
rs3852218	0.514515
rs56864772	0.426553
rs112749745	0.590307
rs1223509	0.489294
rs6458677	0.00501133
rs6941685	0.0218256
rs6921579	0.0170115
rs34603187	0.866328
rs6909002	0.00541896
rs2327678	0.0167099
rs2327675	0.193814
rs1753554	0.543735
rs1753555	0.543735
rs2186159	0.0199764
rs35596191	0.0200493
rs1223510	0.00988358
rs1223511	0.129574
rs6939931	0.788435
rs2327633	0.804871
rs1223512	0.0299733
rs1223513	0.580044
rs6925345	0.0339987
rs1223515	0.583415
rs1223516	0.583697
rs1223517	0.584544
rs1223518	0.581604
rs1223520	0.0172063
rs10485363	0.781162
rs1223521	0.018479
rs1223522	0.566665
rs1223523	0.548803
rs6907388	0.778841
rs1223525	0.548695
rs55700735	0.673943
rs7773701	0.037674
rs1223527	0.0193838
rs4715124	0.039167
rs1223529	0.0135354
rs4538692	0.0432485
rs9473524	0.0346693
rs13220463	0.610733
rs11966433	0.989146
rs2183072	0.609147
rs1223531	0.0285472
rs13192887	0.607868
rs1223532	0.839279
rs9296614	0.0973065
rs79164179	0.398017
rs1223534	0.0285824
rs12206342	0.051237
rs11755663	0.686052
rs112447899	0.832443
rs1223535	0.840299
rs11753549	0.398163
rs9369888	0.0509022
rs62385529	0.945807
rs746593	0.701247
rs16873638	0.945807
rs17323391	0.608189
rs1223538	0.026027
rs71562464	0.612381
rs3864308	0.411481
rs55775344	0.895996
rs55763852	0.348528
rs1223541	0.00981359
rs1228529	0.00506316
rs11961234	0.614926
rs62385532	0.422408
rs1223542	0.165619
rs1223544	0.013885
rs11963505	0.170862
rs1223545	0.0105617
rs16869294	0.71274
rs11755284	0.990625
rs116344518	0.573221
rs13196010	0.980272
rs12192359	0.613475
rs10948504	0.878115
rs146652373	0.0296908
rs36103270	0.877275
rs9395495	0.309519
rs9473564	0.822334
rs9463487	0.822334
rs1223547	0.0102996
rs9463488	0.6642
rs4715132	0.42359
rs6916503	0.822172
rs6932796	0.822172
rs9473569	0.822172
rs9463490	0.822172
rs9395497	0.296945
rs9473572	0.822172
rs9473575	0.673257
rs16873653	0.822091
rs9473576	0.822091
rs1237055	0.100648
rs9473577	0.822091
rs10948508	0.86019
rs6917942	0.822091
rs9473580	0.822091
rs9463495	0.822091
rs9463496	0.821857
rs1223548	0.025904
rs9357620	0.29521
rs1223549	0.0135232
rs10456623	0.0536368
rs67180202	0.0302388
rs1223550	0.0165372
rs9381796	0.457924
rs9473587	0.821943
rs16873671	0.635506
rs9349494	0.293368
rs1223551	0.0190789
rs1223552	0.324675
rs7771293	0.850706
rs12525914	0.419813
rs9463505	0.822593
rs4053018	0.847269
rs73371745	0.496023
rs9473602	0.653202
rs58793951	0.706331
rs9395516	0.936432
rs12528399	0.32402
rs12527257	0.32402
rs9463511	0.302458
rs16873682	0.595177
rs61041084	0.965458
rs4097413	0.323786
rs60384263	0.0342301
rs6923461	0.823804
rs9381807	0.323553
rs6924931	0.0341965
rs13200409	0.679448
rs1223556	0.131492
rs1150613	0.071696
rs11757278	0.586155
rs4715138	0.679448
rs1150611	0.131492
rs1150610	0.131492
rs9381809	0.32402
rs6909143	0.850696
rs4715139	0.679435
rs1150609	0.131485
rs3778646	0.32402
rs3823445	0.395679
rs9381810	0.395679
rs9395520	0.584383
rs1150608	0.131477
rs9381812	0.395679
rs1150607	0.0306783
rs1150606	0.0197574
rs1150605	0.0591523
rs10948523	0.034675
rs10948524	0.394744
rs1150603	0.298163
rs9367368	0.401049
rs9367369	0.406455
rs55637438	0.594921
rs9473641	0.774907
rs56160191	0.99876
rs9473643	0.514793
rs28449962	0.602257
rs28451621	0.786704
rs7758482	0.641002
rs9369915	0.536753
rs9369916	0.320762
rs9369917	0.533575
rs9381818	0.534804
rs9349501	0.51799
rs9381819	0.515206
rs9349502	0.506889
rs9357634	0.430784
rs3864309	0.388793
rs3864310	0.407446
rs3864311	0.857848
rs4273688	0.00361785
rs13191209	0.576437
rs3864312	0.00312262
rs9367373	0.350098
rs1223558	0.0354211
rs4280960	0.359222
rs4262187	0.343145
rs7746506	0.339067
rs56797484	0.230061
rs1223562	0.293157
rs3932442	0.335413
rs3932443	0.335066
rs3932444	0.335018
rs3864313	0.334776
rs1150600	0.0931102
rs9395526	0.33278
rs9381820	0.332819
rs9395527	0.333355
rs9349503	0.333443
rs1232378	0.133368
rs1223563	0.269669
rs62385558	0.369685
rs3916163	0.210516
rs3864314	0.333896
rs3864315	0.333397
rs1150599	0.178461
rs1150598	0.315854
rs4715145	0.566754
rs4715146	0.449747
rs3886292	0.61501
rs34624425	0.560714
rs13206277	0.566842
rs4715147	0.566842
rs73725622	0.421678
rs4715150	0.706572
rs10807412	0.00677201
rs4711936	0.487407
rs10484269	0.447654
rs1150594	0.0328805
rs1150595	0.382332
rs9296622	0.0083337
rs12193156	0.566138
rs12526983	0.564896
rs35207258	0.564278
rs12198274	0.482205
rs6923850	0.168683
rs12210311	0.235892
rs1150616	0.485415
rs6458718	0.0747123
rs1150617	0.977047
rs11967582	0.0470082
rs4715154	0.124118
rs4715155	0.122754
rs4715156	0.0575121
rs4715157	0.0428776
rs12665414	0.12253
rs12665416	0.12253
rs4715158	0.12253
rs4715159	0.0428776
rs9942440	0.0726092
rs59566077	0.12253
rs58474010	0.0314918
rs72544759	0.0208309
rs1569418	0.0400112
rs1150619	0.919692
rs4715166	0.0662952
rs75349202	0.0859926
rs1008461	0.539973
rs1014820	0.123243
rs1008462	0.0398778
rs13213317	0.0420622
rs4715167	0.0806559
rs4715168	0.137172
rs4711939	0.0263519
rs10948546	0.0259003
rs13211846	0.250952
rs12205644	0.0259128
rs12205710	0.608362
rs4715169	0.04538
rs7749528	0.04538
rs6458720	0.0375538
rs2840336	0.04538
rs12195574	0.608362
rs2142568	0.0434273
rs75513730	0.0399148
rs1232381	0.666616
rs73725628	0.98228
rs11968818	0.0434128
rs11963839	0.0434128
rs9395550	0.0506277
rs4715174	0.0466913
rs1014608	0.254861
rs7759256	0.0886818
rs113083989	0.0909476
rs139315526	0.301873
rs12660341	0.0323285
rs12660606	0.0323285
rs12660392	0.0323285
rs6928740	0.0432092
rs11969387	0.0323285
rs73355358	0.0323285
rs12661071	0.0323285
rs12194742	0.42254
rs76667323	0.0314918
rs4711945	0.182441
rs4711946	0.0314918
rs16873855	0.0869899
rs73355362	0.0314918
rs11751747	0.0314918
rs34373947	0.151466
rs11755185	0.0314918
rs73355368	0.0314918
rs602976	0.0314918
rs603394	0.0314918
rs384366	0.381484
rs34366807	0.012616
rs377019	0.0314918
rs364419	0.0314918
rs4715183	0.0314918
rs4715184	0.0314918
rs11966270	0.0314918
rs10948550	0.0314918
rs34275015	0.0314918
rs12528951	0.0314918
rs12528966	0.0314918
rs12527422	0.0314918
rs12525681	0.0314918
rs12527775	0.12253
rs202063	0.12253
rs6928672	0.98228
rs202062	0.0314918
rs34057887	0.12253
rs202061	0.12253
rs175729	0.12253
rs202060	0.505104
rs202058	0.115714
rs202057	0.108552
rs1849347	0.46717
rs111237122	0.98228
rs202027	0.776744
rs202025	0.748103
rs79668746	0.98228
rs595864	0.378013
rs1706941	0.624216
rs546673	0.624318
rs11757292	0.674296
rs521960	0.624216
rs56380716	0.98228
rs436490	0.63487
rs11366797	0.624691
rs416852	0.624216
rs57728205	0.98228
rs10948561	0.636335
rs12529141	0.624216
rs12527600	0.624216
rs58425216	0.98228
rs7763251	0.107162
rs527857	0.624216
rs428975	0.624216
rs534266	0.151466
rs534404	0.624216
rs536208	0.479756
rs58956841	0.624216
rs11758225	0.98228
rs429029	0.622343
rs440530	0.30607
rs371122	0.283905
rs12212533	0.545682
rs55903603	0.98228
rs12192056	0.545349
rs58875474	0.98228
rs396360	0.525863
rs393032	0.624216
rs4711958	0.405579
rs534449	0.404053
rs16873893	0.624216
rs453695	0.803811
rs426518	0.184278
rs4715202	0.419373
rs35275607	0.418256
rs202064	0.780368
rs202065	0.0923238
rs1223393	0.78043
rs202066	0.0183754
rs1937767	0.335409
rs202067	0.32235
rs77605691	0.269857
rs202068	0.557467
rs202069	0.740685
rs182148	0.667615
rs68050381	0.0334081
rs366904	0.739493
rs202070	0.641535
rs202071	0.639382
rs202072	0.638836
rs9357660	0.0404581
rs202073	0.658423
rs1150623	0.532687
rs35742117	0.765819
rs202075	0.668321
rs4605869	0.183156
rs1223397	0.029507
rs1223398	0.555392
rs1223399	0.0293675
rs1223400	0.0278411
rs1223401	0.0293345
rs202077	0.743119
rs1223402	0.029192
rs1223403	0.0104653
rs1232392	0.0104582
rs202054	0.037587
rs6458744	0.387572
rs202053	0.851906
rs202051	0.386841
rs202050	0.977762
rs202050	0.044126
rs202048	0.469852
rs202046	0.61482
rs41273704	0.333419
rs202045	0.643374
rs202044	0.985102
rs1512414	0.607778
rs2235173	0.97465
rs138719441	0.0128574
rs9349548	0.506582
rs9349549	0.5394
rs202042	0.934254
rs9369964	0.291483
rs9369965	0.307914
rs495895	0.731157
rs2119485	0.539003
rs3817735	0.83769
rs9395602	0.0215941
rs9381884	0.0215716
rs421057	0.0383094
rs3817737	0.0131805
rs3817738	0.0106641
rs375661	0.77317
rs417048	0.0348774
rs3817741	0.0133727
rs3817742	0.0106641
rs405078	0.773115
rs441213	0.633894
rs377704	0.773004
rs384730	0.0338347
rs442614	0.0338347
rs412787	0.0338347
rs413120	0.773004
rs17700321	0.0212367
rs445590	0.773004
rs445591	0.773004
rs445714	0.773004
rs3846903	0.252101
rs398151	0.041109
rs10542364	0.90265
rs17767967	0.017247
rs449321	0.199938
rs578290	0.551122
rs35511719	0.017247
rs7770755	0.58922
rs408284	0.198865
rs149629156	0.198832
rs452021	0.198737
rs35980340	0.168683
rs366332	0.198451
rs546017	0.198325
rs416831	0.197856
rs450025	0.197764
rs9367406	0.387572
rs435465	0.19764
rs435466	0.19764
rs45450	0.19764
rs9473896	0.147417
rs368590	0.19764
rs617580	0.223221
rs693758	0.547743
rs35968832	0.509628
rs528884569	0.797501
rs34931301	0.150059
rs36077798	0.547673
rs202041	0.0175195
rs13191897	0.0172525
rs202040	0.715036
rs202039	0.0175195
rs67298859	0.0175195
rs202036	0.0175195
rs3734878	0.017247
rs9473901	0.149974
rs361522	0.0167794
rs8541	0.743415
rs475776	0.811833
rs2048552	0.0173102
rs202034	0.863966
rs561549	0.0448777
rs13205692	0.0173115
rs202032	0.0812345
rs202030	0.718122
rs202029	0.0863191
rs111645720	0.017324
rs530507	0.988365
rs202028	0.70345
rs34505804	0.0173294
rs543645	0.0804921
rs542618	0.601457
rs12203576	0.1444
rs9367412	0.0837278
rs515111	0.724453
rs145302080	0.066669
rs35549743	0.0177988
rs6910418	0.24476
rs20500	0.0221642
rs20499	0.0103218
rs4602719	0.747275
rs1550526	0.89041
rs454563	0.747275
rs7774863	0.0175434
rs408923	0.0175445
rs449727	0.0370418
rs7755309	0.602291
rs402705	0.0370418
rs408639	0.0175524
rs5874412	0.0183491
rs35421254	0.0205991
rs364493	0.0497664
rs364884	0.0114416
rs475165	0.602709
rs381134	0.0175692
rs453877	0.0370418
rs6924855	0.61065
rs452309	0.0370418
rs9369976	0.611312
rs6923757	0.61186
rs9473908	0.616629
rs9473909	0.616741
rs9296641	0.616741
rs9296642	0.616741
rs6909879	0.616741
rs446843	0.0422059
rs2002961	0.616741
rs909508	0.616741
rs3857594	0.616741
rs878700	0.616741
rs546520	0.0181359
rs878698	0.0487352
rs570338	0.0181359
rs629262	0.0181359
rs629728	0.0181359
rs641293	0.0422059
rs641688	0.0181359
rs488297	0.0370418
rs641758	0.0370418
rs7742398	0.218646
rs202016	0.0370418
rs202017	0.0370418
rs34142643	0.616741
rs35952102	0.218646
rs202018	0.0370418
rs35510365	0.0370418
rs9369978	0.638594
rs202019	0.0411818
rs202020	0.0192997
rs6922200	0.616741
rs9369979	0.616741
rs202021	0.0370418
rs202022	0.27711
rs202023	0.0412063
rs2439534	0.0412063
rs9473929	0.218646
rs2439535	0.0412063
rs9473930	0.218122
rs3800486	0.222686
rs3800485	0.218646
rs3800484	0.218646
rs3800483	0.218646
rs3800482	0.218646
rs3800481	0.218646
rs2439537	0.0370418
rs2439538	0.00529357
rs1899262	0.00634259
rs3823443	0.218646
rs3823442	0.218646
rs34806875	0.00631592
rs2439539	0.046333
rs36022805	0.0474792
rs143172951	0.093774
rs2458314	0.0981558
rs2439540	0.046365
rs2458313	0.046333
rs2496140	0.046333
rs2458312	0.046333
rs2458311	0.046333
rs2458310	0.0424631
rs2439541	0.046333
rs13203254	0.0519133
rs59639740	0.0496876
rs9381915	0.0449216
rs957175	0.0898815
rs957176	0.0512532
rs2496141	0.0067281
rs2919685	0.0512532
rs2496142	0.0512532
rs2439542	0.0492719
rs2496143	0.0449216
rs2496144	0.0512532
rs2458309	0.0512532
rs2439543	0.0512971
rs138469505	0.0506008
rs2496145	0.0512532
rs2439544	0.0511059
rs2496146	0.0512532
rs2919686	0.0512532
rs3001966	0.0512532
rs3001967	0.0512532
rs3001968	0.0493586
rs2496147	0.0512532
rs6914796	0.219324
rs2496148	0.0512532
rs2439545	0.0512532
rs2439546	0.0192794
rs2496149	0.0522913
rs2458300	0.031855
rs2496151	0.0262981
rs2496152	0.024488
rs2496153	0.0775292
rs2496154	0.0824701
rs2439548	0.176942
rs12697949	0.114991
rs2496155	0.0195055
rs2496156	0.178753
rs2439549	0.177977
rs11759028	0.114568
rs9349564	0.209878
rs2496157	0.0788637
rs3816209	0.150939
rs860266	0.0313303
rs480122	0.186753
rs2496129	0.02673
rs2496130	0.396517
rs2496131	0.141223
rs3823441	0.649852
rs34307819	0.366583
rs2439550	0.437252
rs555100	0.46448
rs1512413	0.426451
rs13211719	0.791218
rs498338	0.185978
rs34928779	0.559972
rs2439551	0.451177
rs2458308	0.62699
rs2496132	0.634814
rs2458307	0.644196
rs2496133	0.301188
rs2458306	0.339419
rs2458305	0.301921
rs2458304	0.301921
rs2439552	0.301921
rs2496134	0.644196
rs6905139	0.769008
rs11970322	0.65017
rs56213308	0.711735
rs2439553	0.339419
rs6916634	0.541406
rs6923375	0.766646
rs538190	0.463649
rs1398298	0.339496
rs13212123	0.863814
rs11557360	0.849304
rs141894206	0.876052
rs34879621	0.668604
rs2496135	0.632531
rs2439554	0.643316
rs2919687	0.634814
rs1512412	0.347503
rs1512411	0.315436
rs2496136	0.406275
rs2458302	0.395515
rs507369	0.463649
rs35350947	0.842148
rs499818	0.322543
rs2439555	0.309993
rs2496137	0.309993
rs2496138	0.309993
rs2439556	0.398673
rs2919688	0.517806
rs12197714	0.0793533
rs12216354	0.514282
rs12202393	0.398077
esv3608123	0.398077
rs3001957	0.78428
rs12197650	0.107278
rs2919689	0.316166
rs3001958	0.418101
rs3001959	0.870992
rs3001962	0.169041
rs36102538	0.559691
rs7766081	0.639122
rs1866863	0.353534
rs146651484	0.990108
rs35492161	0.724128
rs2496172	0.744718
rs2496170	0.842045
rs578833	0.280391
rs573668	0.26992
rs2439557	0.866471
rs577374	0.762295
rs522512	0.26992
rs2439558	0.791656
rs2496169	0.767963
rs34134818	0.714546
rs2496168	0.377066
rs6928934	0.273162
rs6908235	0.273162
rs9370020	0.437004
rs9381955	0.726031
rs1866864	0.805298
rs1866865	0.651139
rs1866866	0.880992
rs1971839	0.726031
rs73362967	0.504352
rs2496167	0.760759
rs541526	0.657437
rs505947	0.768187
rs539629	0.657437
rs537034	0.437004
rs510511	0.667794
rs2496166	0.474505
rs534244	0.592806
rs535202	0.172034
rs2439562	0.583633
rs2439563	0.583633
rs2439564	0.428168
rs9473988	0.583633
rs9473989	0.583633
rs9473990	0.732026
rs3001963	0.583633
rs9381956	0.396698
rs2496165	0.43351
rs494106	0.583633
rs564603	0.583633
rs11378299	0.583633
rs569038	0.578431
rs2496164	0.581211
rs9473994	0.413106
rs485138	0.96686
rs9473995	0.737618
rs9473996	0.719693
rs9473997	0.414684
rs9473999	0.944818
rs9474000	0.415446
rs9474002	0.721571
rs9474003	0.721571
rs2496163	0.285184
rs9463686	0.590053
rs7740194	0.398539
rs2254290	0.32774
rs2254291	0.278914
rs2254292	0.32774
rs2292477	0.763635
rs67807173	0.675387
rs12333156	0.763635
rs13200075	0.763635
rs59527895	0.763635
rs477927	0.273081
rs538482	0.470947
rs13208600	0.92857
rs6926971	0.725238
rs2439565	0.315514
rs13214709	0.677865
rs2458301	0.0965827
rs512944	0.369476
rs9381968	0.576617
rs62386723	0.977001
rs7746490	0.757772
rs497505	0.616056
rs821287	0.593806
rs524315	0.556599
rs526227	0.801975
rs877516	0.788524
rs907630	0.788411
rs477353	0.234503
rs579240	0.108674
rs2496162	0.714299
rs2496161	0.445426
rs2496160	0.445426
rs1140251	0.248892
rs553948	0.425458
rs9367440	0.425377
rs821276	0.425377
rs510932	0.981726
rs821277	0.258764
rs579028	0.676296
rs552655	0.361137
rs6920849	6.75136e-05
rs492433	0.258764
rs4711978	0.676296
rs7742713	6.75136e-05
rs9357702	0.0821612
rs9474036	6.75136e-05
rs573109	0.258764
rs517803	0.676296
rs111648813	0.570161
rs113694893	0.570161
rs821301	0.570573
rs2496139	0.962309
rs564174	0.3953
rs754439	4.82268e-05
rs570315	0.395547
rs140647504	0.3953
rs489396	0.569416
rs575709	0.3953
rs491278	0.569416
rs548119	0.3953
rs55922211	0.320719
rs516003	0.3953
rs10948641	3.49534e-05
rs553671	0.394424
rs147279188	0.442816
rs200839015	0.442816
rs2496173	0.568337
rs474159	0.382166
rs476904	0.436386
rs501987	0.415421
rs560396	0.564171
rs531256	0.666996
rs6903516	0.583412
rs7760579	0.261137
rs9357708	0.398879
rs12153966	0.25891
rs7770078	0.287736
rs55942054	0.583412
rs67790684	0.263617
rs524118	0.736767
rs2439536	0.662706
rs10807431	0.260427
rs10807432	0.231565
rs61492644	0.29156
rs6926072	0.587585
rs145627715	0.264811
rs75855234	0.253387
rs10948650	0.389467
rs28813108	0.406912
rs4715248	0.00905964
rs821292	0.0946825
rs17700842	0.0786049
rs149607464	0.655345
rs488885	0.26199
rs79458690	0.399213
rs138997818	0.207414
rs520828	0.332626
rs544639	0.245587
rs62386724	0.470286
rs546507	0.104011
rs559612	0.341102
rs559565	0.117275
rs6926127	0.192299
rs4715250	0.245304
rs4715251	0.117275
rs821300	0.324744
rs36042262	0.3694
rs821299	0.219519
rs821298	0.332751
rs536916	0.34257
rs500293	0.239683
rs536998	0.34257
rs500197	0.34257
rs563424	0.238205
rs563662	0.335414
rs566320	0.171026
rs62386725	0.368089
rs513613	0.313549
rs513791	0.312578
rs4715261	0.230548
rs11378520	0.164714
rs6914294	0.793259
rs1837701	0.301468
rs565013	0.30232
rs564361	0.163195
rs11753720	0.368089
rs523221	0.30232
rs9474117	0.356707
rs7742086	0.372895
rs4454121	0.152886
rs519657	0.149827
rs494026	0.265463
rs511996	0.355228
rs9357720	0.219281
rs2119484	0.148472
rs2119483	0.30232
rs62386727	0.412755
rs558126	0.149201
rs558242	0.148472
rs7746830	0.5839
rs7750943	0.57772
rs508153	0.150333
rs476138	0.148472
rs478804	0.158113
rs478630	0.148472
rs480648	0.1486
rs503117	0.148885
rs4715268	0.218406
rs550403	0.0930758
rs12528480	0.0237302
rs519890	0.100686
rs10807437	0.399983
rs11758233	0.353649
rs490443	0.090048
rs487607	0.400583
rs11754291	0.331069
rs485804	0.10432
rs73366922	0.0386626
rs6936420	0.102064
rs6926083	0.0386626
rs9370100	0.0595822
rs1345032	0.0871709
rs1345031	0.0870248
rs12527593	0.038662
rs6910652	0.364628
rs73366931	0.265656
rs73366933	0.265656
rs150095374	0.265656
rs16874132	0.265656
rs73366936	0.265656
rs73366937	0.265656
rs73366941	0.265656
rs73725822	0.265656
rs16874136	0.265656
rs16874138	0.265656
rs73366945	0.265656
rs16874139	0.265656
rs2327673	0.498232
rs16874142	0.265656
rs73366948	0.271112
rs73366949	0.273187
rs73366951	0.274893
rs73366952	0.280491
rs16874145	0.307609
rs2165419	0.344973
rs2119482	0.271593
rs2119481	0.275316
rs4145562	0.710038
rs6458814	0.194238
rs6458815	0.201352
rs80207402	0.417964
rs9463764	0.710038
rs11371080	0.311427
rs62385763	0.710038
rs73366960	0.344631
rs56676493	0.342538
rs145536073	0.305908
rs6910199	0.634279
rs61017983	0.299077
rs9296672	0.710038
rs9370104	0.279331
rs200205504	0.269726
rs9395768	0.283344
rs7758003	0.107518
rs16874149	0.271557
rs935061	0.923634
rs7740220	0.0542313
rs1550521	0.228812
rs73366970	0.196517
rs1550520	0.212416
rs16874152	0.0536026
rs16874153	0.0526202
rs71805154	0.564454
rs16874155	0.154972
rs55751952	0.0349385
rs9474179	0.432082
rs9382080	0.178001
rs147602160	0.512837
rs142281178	0.628451
rs62385764	0.956335
rs9357727	0.182939
rs114193898	0.898864
rs9395770	0.129935
rs1992387	0.0588915
rs114758445	0.409194
rs9349618	0.472241
rs17618702	0.460133
rs138225036	0.460133
rs74679396	0.460133
rs9357728	0.0470489
rs111290281	0.172053
rs76083130	0.460133
rs1345030	0.524628
rs5874417	0.463225
rs139106508	0.497233
rs1345029	0.527645
rs2327674	0.465467
rs4715295	0.770476
rs1992385	0.557873
rs9395787	0.778296
rs62385768	0.600574
rs62385769	0.603556
rs61657352	0.478341
rs62385771	0.872729
rs17768735	0.545726
rs551499	0.467472
rs6931031	0.820452
rs13212388	0.559913
rs13193595	0.385799
rs13213515	0.413415
rs13213519	0.418683
rs492676	0.470656
rs2560763	0.467472
rs2841561	0.467472
rs2841562	0.467472
rs13192043	0.413415
rs2560762	0.467472
rs2841563	0.467472
rs2560761	0.548685
rs2434396	0.473922
rs2841564	0.777497
rs17618766	0.222773
rs2841565	0.681364
rs9367484	0.56963
rs966255	0.119327
rs1863995	0.674413
rs9357738	0.546795
rs7775293	0.618819
rs2560759	0.783993
rs2560758	0.467472
rs2841566	0.412533
rs12662911	0.56963
rs13205726	0.541778
rs2560757	0.778018
rs2841567	0.67877
rs2560756	0.667766
rs2560755	0.467472
rs9382113	0.559913
rs9370128	0.559913
rs6458842	0.442375
rs9382114	0.389146
rs9370129	0.575791
rs2494770	0.316048
rs2560754	0.30772
rs75904535	0.898731
rs2841560	0.501692
rs9367488	0.558783
rs9382117	0.560087
rs9382118	0.559913
rs7740298	0.445184
rs62385775	0.638854
rs9382119	0.572582
rs6901974	0.582256
rs13196546	0.38225
rs2841555	0.244417
rs9370136	0.189064
rs2560814	0.292458
rs2560812	0.891871
rs16874170	0.755618
rs6458848	0.824506
rs6458849	0.824368
rs17618814	0.250202
rs11759779	0.343398
rs113401218	0.914638
rs145641034	0.951162
rs147571755	0.942133
rs9800629	0.208057
rs74964043	0.200126
rs111231414	0.387848
rs2560811	0.203958
rs13203006	0.734761
rs59330070	0.680832
rs9382135	0.739809
rs9395813	0.375868
rs56376099	0.821608
rs58378678	0.809024
rs58054832	0.247055
rs6906273	0.264632
rs2115063	0.24606
rs9382141	0.375868
rs62385807	0.15073
rs62385808	0.252873
rs2494773	0.185731
rs78596073	0.260484
rs6458872	0.373004
rs2059804	0.375868
rs2841549	0.254685
rs2841548	0.453887
rs9382144	0.193673
rs2494774	0.193236
rs9395828	0.820536
rs9370156	0.200661
rs7753834	0.903432
rs12528453	0.432758
rs7758810	0.20126
rs12192062	0.120924
rs9367502	0.180627
rs9382154	0.180719
rs2841545	0.393035
rs138391958	0.150297
rs112675977	0.150921
rs9382156	0.469852
rs200676503	0.637747
rs7758237	0.579964
rs2560806	0.393035
rs2560805	0.393035
rs2841544	0.393035
rs2560804	0.385741
rs2841543	0.394383
rs2841542	0.39505
rs2560803	0.425955
rs145885970	0.370238
rs2560802	0.395895
rs56670804	0.575287
rs2560800	0.452372
rs2560799	0.213088
rs9370167	0.492593
rs2560798	0.399935
rs66636242	0.202578
rs2560797	0.405518
rs2560796	0.206853
rs9370168	0.484951
rs2560794	0.40812
rs2560793	0.535431
rs7758264	0.511799
rs2560792	0.241648
rs75573044	0.45902
rs2560791	0.208279
rs73372830	0.19085
rs2560790	0.454271
rs2560789	0.600068
rs62385837	0.760236
rs59610068	0.654458
rs111365904	0.151966
rs9382170	0.185347
rs60499941	0.654458
rs9370171	0.685115
rs2560787	0.199894
rs4715370	0.654458
rs2841540	0.609312
rs9382172	0.648552
rs2841539	0.409328
rs2560786	0.608049
rs112930453	0.388049
rs2841537	0.550111
rs2841536	0.489954
rs9382174	0.644089
rs9370172	0.875972
rs2841535	0.437236
rs145317787	0.641582
rs4715371	0.631952
rs4715372	0.6301
rs2841533	0.276495
rs2841532	0.169809
rs148324167	0.628698
rs2560784	0.168375
rs62385842	0.246896
rs9370174	0.508783
rs4715373	0.616871
rs4715374	0.615892
rs4715375	0.851085
rs2560781	0.421745
rs4715376	0.616268
rs2560780	0.26856
rs2327680	0.96908
rs4340988	0.615252
rs142681640	0.14533
rs2560779	0.205958
rs2841531	0.209627
rs2841530	0.266557
rs4512205	0.608352
rs2560778	0.235283
rs4715377	0.709208
rs2560777	0.235473
rs9463861	0.159436
rs77155312	0.633945
rs6458898	0.634226
rs17618984	0.155837
rs17680885	0.159436
rs138299836	0.6893
rs9474387	0.159599
rs62385844	0.509993
rs4715379	0.648912
rs4715380	0.649266
rs113935796	0.229186
rs12204301	0.618608
rs62385845	0.319288
rs2560776	0.29891
rs2841528	0.196888
rs62385846	0.325811
rs2841527	0.253386
rs2841526	0.253386
rs9474418	0.605465
rs2841525	0.142429
rs2560775	0.19733
rs111518908	0.159436
rs9474428	0.162267
rs2560774	0.194803
rs2494775	0.134101
rs56412934	0.26405
rs71562475	0.788297
rs2560769	0.0771885
rs2841504	0.105846
rs6939496	0.473159
rs6923024	0.473044
rs2560768	0.12959
rs2560767	0.118271
rs10718009	0.0175408
rs34122361	0.0975799
rs116192005	0.119731
rs2560766	0.0723494
rs4715388	0.436464
rs149299053	0.148585
rs2434398	0.204112
rs62387366	0.627612
rs186652389	0.148575
rs148064907	0.148575
rs2434397	0.204127
rs13203378	0.990038
rs13203385	0.685167
rs62387367	0.628876
rs113694908	0.603381
rs62387368	0.627492
rs112566150	0.873238
rs62387369	0.627717
rs77401566	0.447611
rs73723737	0.543038
rs61312460	0.428528
rs9370202	0.815609
rs2081874	0.628021
rs7763316	0.798566
rs113352254	0.148566
rs34102726	0.538201
rs2841569	0.205808
rs57499231	0.934742
rs2841570	0.207304
rs62387370	0.325038
rs61401710	0.321688
rs112592869	0.150211
rs67886427	0.117661
rs2841572	0.114562
rs73356466	0.10496
rs2841573	0.0605555
rs9382205	0.790778
rs2560764	0.164706
rs58282764	0.86449
rs78654171	0.601511
rs11756530	0.850537
rs2033211	0.652603
rs2033210	0.653512
rs4712032	0.676508
rs2195306	0.660832
rs112500227	0.664872
rs201316726	0.66531
rs16874221	0.665672
rs142572124	0.66573
rs68062533	0.667303
rs6458940	0.288394
rs11751739	0.989654
rs11756543	0.669115
rs12175268	0.751801
rs10498683	0.67321
rs12193855	0.922581
rs12216101	0.857643
rs12207944	0.872259
rs12207743	0.881011
rs16874223	0.582764
rs16874225	0.65359
rs67050903	0.498935
rs13202398	0.616369
rs113494952	0.696825
rs16874227	0.492318
rs12663015	0.994879
rs9296714	0.0740378
rs79705029	0.856371
rs4712037	0.14664
rs9382221	0.152972
rs139301604	0.205985
rs2804914	0.158981
rs9382222	0.912212
rs11753306	0.158957
rs10948756	0.822506
rs2841505	0.158841
rs10948757	0.877612
rs2804922	0.22985
rs3807053	0.885719
rs3840544	0.144061
rs2804923	0.192854
rs2804924	0.129542
rs112443954	0.148956
rs2804925	0.250919
rs2804926	0.106247
rs2841506	0.152231
rs2804927	0.186679
rs2841507	0.151957
rs72827000	0.903848
rs2328676	0.139262
rs4712041	0.513216
rs2841508	0.089303
rs140183827	0.153003
rs9382227	0.881196
rs2804910	0.150118
rs2804911	0.150118
rs2804912	0.174321
rs2804913	0.172459
rs2841509	0.149115
rs2804915	0.487112
rs2804916	0.137824
rs2841511	0.167158
rs2804917	0.183892
rs2804918	0.150587
rs34434708	0.971202
rs2804919	0.16389
rs2804920	0.185329
rs4449622	0.50273
rs34082478	0.855733
rs2841512	0.174282
rs34942769	0.223495
rs9370232	0.317505
rs4712047	0.594689
rs140837018	0.127812
rs71889023	0.634266
rs147330539	0.442754
rs3734674	0.86628
rs70989873	0.0442783
rs2804921	0.135015
rs72829105	0.0876125
rs72829106	0.164256
rs13219559	0.557029
rs12192310	0.262083
rs7759452	0.5331
rs11751539	0.965315
rs3757261	0.22173
rs2253217	0.439657
rs2841514	0.239063
rs2841515	0.267988
rs2841516	0.742175
rs141467303	0.745771
rs2841517	0.247703
rs2841518	0.202923
rs5874428	0.0601815
rs34162626	0.155356
rs2841520	0.20952
rs2841521	0.189066
rs2841522	0.197752
rs2841523	0.258357
rs79562910	0.975568
rs2841524	0.227767
rs3757262	0.975789
rs13218921	0.541698
rs3823453	0.282818
rs3800503	0.302741
rs72829112	0.192188
rs3757260	0.300656
rs74780132	0.766605
rs12209803	0.156286
rs115754676	0.671001
rs12664567	0.156286
rs7742903	0.661283
rs10948800	0.994814
rs4712058	0.862729
rs77148931	0.25454
rs9382303	0.948435
rs7760411	0.26036
rs7742342	0.86795
rs11962124	0.291154
rs5874429	0.744861
rs10807467	0.23315
rs6899402	0.232893
rs17619307	0.319843
rs7745101	0.315873
rs7745281	0.849981
rs10948804	0.27343
rs17769105	0.929074
rs11355638	0.992639
rs707816	0.329044
rs79126916	0.802603
rs76243851	0.816771
rs3216841	0.324558
rs2071836	0.355334
rs2071835	0.274038
rs4715451	0.663153
rs6915775	0.351535
rs74588797	0.763255
rs10948811	0.324231
rs3752502	0.0617282
rs3752501	0.618069
rs10484251	0.347607
rs6911121	0.494983
rs9382329	0.0640403
rs76503181	0.545721
rs16874275	0.986608
rs11755634	0.406831
rs11753232	0.338156
rs6458997	0.324423
rs58265160	0.634359
rs4715455	0.351292
rs55977216	0.214991
rs6941522	0.212793
rs6459000	0.324151
rs3846912	0.351292
rs116691637	0.274568
rs11323727	0.350954
rs6459003	0.350388
rs118041417	0.97235
rs204232	0.74932
rs3799930	0.284127
rs204231	0.0837131
rs78348777	0.516995
rs2299027	0.350733
rs79636955	0.439324
rs2299026	0.350733
rs116559222	0.323628
rs7741241	0.323284
rs59120082	0.324204
rs11962712	0.356949
rs3906327	0.324204
rs72829117	0.324204
rs4631285	0.783364
rs11970591	0.289795
rs2080415	0.300688
rs204229	0.734232
rs75863865	0.962593
rs75120063	0.790015
rs6459020	0.323969
rs204228	0.654125
rs7744218	0.322553
rs76674808	0.972774
rs6459025	0.309999
rs1573702	0.323969
rs11965800	0.383079
rs7741743	0.122028
rs112349614	0.420128
rs169461	0.0976664
rs72831038	0.417255
rs28415118	0.545189
rs204225	0.737569
rs10948859	0.390858
rs204224	0.098527
rs204223	0.98114
rs112309319	0.549444
rs1362519	0.316227
rs1362520	0.316227
rs74382585	0.267484
rs10484252	0.43955
rs204222	0.757181
rs16874298	0.69316
rs11759518	0.472712
rs16724	0.352094
rs204221	0.94132
rs10456689	0.413197
rs204226	0.778604
rs6940759	0.198668
rs2237092	0.156478
rs6905991	0.784222
rs151027180	0.329359
rs442458	0.224458
rs405447	0.731151
rs418053	0.562919
rs3757256	0.3642
rs396869	0.510307
rs24023	0.613599
rs113047626	0.0580038
rs424001	0.614227
rs77649360	0.0367239
rs441280	0.840405
rs441125	0.631509
rs441116	0.663614
rs381560	0.50328
rs381551	0.613599
rs4715512	0.338111
